{:ts "2026-08-13T22:59:50.755524577Z", :level :info, :message "notebook/server-starting", :context {:port 7777}}
Starting Clerk notebook server on http://localhost:7777/notebooks/xtdb_overview
Clerk webserver started on http://localhost:7777 ...
nREPL server started on port 7778...
Starting new watcher for paths ["src" "notebooks" "data"]
Clerk evaluated 'notebooks/xtdb_overview.clj' in 1920.345476ms.
Clerk evaluated 'notebooks/invariant_failures.clj' in 370.651158ms.
Clerk evaluated 'notebooks/telemetry.clj' in 505.059309ms.
Clerk evaluated 'notebooks/report.clj' in 2847.772937ms.
Clerk evaluated 'jar:file:/home/user/.m2/repository/io/github/nextjournal/clerk/0.18.1158/clerk-0.18.1158.jar!/nextjournal/clerk/home.clj' in 8953.556532ms.
Clerk evaluated 'notebooks/workbench_v2.clj' in 6653.012447ms.
{:ts "2026-08-13T23:00:15.193564935Z", :level :info, :message "yield-replay/start", :context {:id "Y01_vault-shared-liquidity"}}
{:ts "2026-08-13T23:00:15.235071177Z", :level :info, :message ":evidence-captured", :context {:type "yield-deposit", :hash "887e1154210a850ee05a6ae0a393de1a2c52a3a1ee40bff85eec7e68deb12e5a"}}
{:ts "2026-08-13T23:00:15.294210040Z", :level :info, :message ":evidence-captured", :context {:type "yield-deposit", :hash "b59c087ec7fe94e720eaf2752370e3257b78e535984d3ee0a1b21d6b5aeeb7a1"}}
{:ts "2026-08-13T23:00:15.360685029Z", :level :info, :message ":evidence-captured", :context {:type "yield-accrual", :hash "260c31ee0967cab5e3ca0478e0778659a17b20ef85b7ea6c431d7c33f2d60d5c"}}
{:ts "2026-08-13T23:00:15.398042552Z", :level :info, :message ":evidence-captured", :context {:type "yield-accrual", :hash "6da792a786372451276d6b6952850e3374920bd41687a95ffa4a2020669c82d9"}}
{:ts "2026-08-13T23:00:15.468841836Z", :level :info, :message ":evidence-captured", :context {:type "yield-accrual", :hash "29c0f7cf43adefa62a38e114f651ff559d59f582cf547e4508ac43cb41e0595b"}}
{:ts "2026-08-13T23:00:15.534455825Z", :level :info, :message ":evidence-captured", :context {:type "yield-withdraw", :hash "a8e4cc6d347c498f1f2d58529dfc2e9b24d6f5bea0c4c77736ea57cd56abd3ba"}}
{:ts "2026-08-13T23:00:15.584181384Z", :level :info, :message "yield-replay/end", :context {:id "Y01_vault-shared-liquidity", :outcome :pass}}
{:ts "2026-08-13T23:00:15.586300955Z", :level :info, :message "yield-replay/start", :context {:id "Y02_vault-shortfall-partial-withdraw"}}
{:ts "2026-08-13T23:00:15.606231269Z", :level :info, :message ":evidence-captured", :context {:type "yield-deposit", :hash "f188e4fe7920af432caa61ca4da951c561498747f19d9a41e7af417b98126c51"}}
{:ts "2026-08-13T23:00:15.633001338Z", :level :info, :message ":evidence-captured", :context {:type "yield-deposit", :hash "f8b8beee2c89c73f121a2179dc18291a9c5c18e7e448bab29bf5e79766a7f370"}}
{:ts "2026-08-13T23:00:15.674076544Z", :level :info, :message ":evidence-captured", :context {:type "yield-accrual", :hash "a92a2bb51ad3b781aa5e1ba5bc2ee940fa39695d364b7578d3cd9489642046b4"}}
{:ts "2026-08-13T23:00:15.722464119Z", :level :info, :message ":evidence-captured", :context {:type "yield-withdraw", :hash "9aac12934f6ff6c92b0492cb0eab3d2a250d6a38e6db97484afbe77f3f857648"}}
{:ts "2026-08-13T23:00:15.757138041Z", :level :info, :message "yield-replay/end", :context {:id "Y02_vault-shortfall-partial-withdraw", :outcome :pass}}
{:ts "2026-08-13T23:00:15.758391392Z", :level :info, :message "yield-replay/start", :context {:id "Y03_vault-risk-override-schedule-shadowing"}}
{:ts "2026-08-13T23:00:15.762767636Z", :level :debug, :message "stored-schedule", :context {:module :yield.provider/liquid-lending, :token :USDC, :schedules {:rate-schedule nil, :index-schedule nil, :liquidity-schedule {:type :fixed, :value 1.0}, :module-state-schedule nil}}}
{:ts "2026-08-13T23:00:15.764387350Z", :level :debug, :message "stored-schedule", :context {:module :yield.provider/liquid-lending, :token :USDC, :schedules {:rate-schedule nil, :index-schedule nil, :liquidity-schedule {:type :fixed, :value 1.0}, :module-state-schedule nil}}}
{:ts "2026-08-13T23:00:15.782219604Z", :level :info, :message ":evidence-captured", :context {:type "yield-deposit", :hash "1c6e9e7d22a6de598efe942701d15f628d59dfdc906a8352f02c3e599d38d4e1"}}
{:ts "2026-08-13T23:00:15.824063463Z", :level :info, :message ":evidence-captured", :context {:type "yield-accrual", :hash "9ca84f4c895182cd8f0f47a3028d6b2beeccb02c3e3c25e0348963117ee1180d"}}
{:ts "2026-08-13T23:00:15.864676863Z", :level :info, :message ":evidence-captured", :context {:type "yield-withdraw", :hash "4555813a76b9a99f98ab747c5cfc960d8d193c5f5cd62570e9d52788de545bc7"}}
{:ts "2026-08-13T23:00:15.895214009Z", :level :info, :message "yield-replay/end", :context {:id "Y03_vault-risk-override-schedule-shadowing", :outcome :pass}}
{:ts "2026-08-13T23:00:15.896760753Z", :level :info, :message "yield-replay/start", :context {:id "Y04_vault-recovery-claim-deferred"}}
{:ts "2026-08-13T23:00:15.913362690Z", :level :info, :message ":evidence-captured", :context {:type "yield-deposit", :hash "e173ae52e62a6293041c5e22a50f3288712c7f4f1d643e5d5ada97f88c2593f0"}}
{:ts "2026-08-13T23:00:15.946814160Z", :level :info, :message ":evidence-captured", :context {:type "yield-accrual", :hash "3f0ad314d91eb6252c18a18cb18b506fbf0454a05b82f60e9dffea6451abcfab"}}
{:ts "2026-08-13T23:00:15.984822830Z", :level :info, :message ":evidence-captured", :context {:type "yield-withdraw", :hash "7a5757010c9f37482fb57a7a6c42d178422cd3b93cb72d69ebc8e6118733fafc"}}
{:ts "2026-08-13T23:00:16.064270163Z", :level :info, :message ":evidence-captured", :context {:type "yield-claim-deferred", :hash "6dd4cec66f180d304b52a970a916195a369885ecd016b65c7e4e5122a0f73434"}}
{:ts "2026-08-13T23:00:16.089959481Z", :level :info, :message "yield-replay/end", :context {:id "Y04_vault-recovery-claim-deferred", :outcome :pass}}
{:ts "2026-08-13T23:00:16.091092632Z", :level :info, :message "yield-replay/start", :context {:id "Y05_auto-generated-shortfall"}}
{:ts "2026-08-13T23:00:16.111146643Z", :level :info, :message ":evidence-captured", :context {:type "yield-deposit", :hash "95273ffcc7cb9793774d74ca14abda66fac724940adb4f50f0c86049bfff805a"}}
{:ts "2026-08-13T23:00:16.133458029Z", :level :info, :message ":evidence-captured", :context {:type "yield-accrual", :hash "f9e1ebac3ddf8f6045101cbaa5f286d206c7b8aec89f5143789b6b62cc141391"}}
{:ts "2026-08-13T23:00:16.165366362Z", :level :info, :message ":evidence-captured", :context {:type "yield-withdraw", :hash "1562db1c0e9964558fd5e93587e2c25d2f9c5150b64ca151ad2f18870f6a2934"}}
{:ts "2026-08-13T23:00:16.186795218Z", :level :info, :message "yield-replay/end", :context {:id "Y05_auto-generated-shortfall", :outcome :pass}}
{:ts "2026-08-13T23:00:16.187743494Z", :level :info, :message "yield-replay/start", :context {:id "Y06_multi-party-pro-rata-shortfall"}}
{:ts "2026-08-13T23:00:16.202647829Z", :level :info, :message ":evidence-captured", :context {:type "yield-deposit", :hash "2ba0aed375a6555cdb84b11df647f0ccbcd89f2354444df78d2ffeb4a9bf8c0a"}}
{:ts "2026-08-13T23:00:16.233955081Z", :level :info, :message ":evidence-captured", :context {:type "yield-deposit", :hash "6998d42837a621530732138af95c4568256f3d1f6477f41f7dd8142a5cc97203"}}
{:ts "2026-08-13T23:00:16.474312329Z", :level :info, :message ":evidence-captured", :context {:type "yield-withdraw-shared", :hash "6fddef9c5c5952a5ff3621cf53bf085203f2db877405ec1dde4a5e80e9c7deef"}}
{:ts "2026-08-13T23:00:16.658424408Z", :level :info, :message "yield-replay/end", :context {:id "Y06_multi-party-pro-rata-shortfall", :outcome :pass}}
{:ts "2026-08-13T23:00:16.659456947Z", :level :info, :message "yield-replay/start", :context {:id "Y07_adversarial-shortfall-exploit"}}
{:ts "2026-08-13T23:00:16.671542321Z", :level :info, :message ":evidence-captured", :context {:type "yield-deposit", :hash "9de0159322e95452851f064deb9d320fc047e82d20287d7425c344ca5e29e4c6"}}
{:ts "2026-08-13T23:00:16.688516081Z", :level :info, :message ":evidence-captured", :context {:type "yield-deposit", :hash "a348dd38c66d1dd17ce311ac14988b877d5d3c1d516517ef7ef59912df05eecf"}}
{:ts "2026-08-13T23:00:16.709773608Z", :level :info, :message ":evidence-captured", :context {:type "yield-deposit", :hash "d50e9d6372e8ceb0e0d2fce35328f5577f2519ce1d198eb529fafa1ff420a92a"}}
{:ts "2026-08-13T23:00:16.926804275Z", :level :info, :message ":evidence-captured", :context {:type "yield-withdraw-shared", :hash "c892644ea7d112614e344fd8ea3cb17863eff5e8974e5317f16e469e016fbd43"}}
{:ts "2026-08-13T23:00:17.108212704Z", :level :info, :message "yield-replay/end", :context {:id "Y07_adversarial-shortfall-exploit", :outcome :pass}}
{:ts "2026-08-13T23:00:17.108934848Z", :level :info, :message "yield-replay/start", :context {:id "Y08_optimal-strategy-load-stress"}}
{:ts "2026-08-13T23:00:17.116244392Z", :level :info, :message "yield-replay/end", :context {:id "Y08_optimal-strategy-load-stress", :outcome :pass}}
{:ts "2026-08-13T23:00:17.117041389Z", :level :info, :message "yield-replay/start", :context {:id "Y09_shared-pool-zero-liquidity-pro-rata"}}
{:ts "2026-08-13T23:00:17.132664882Z", :level :info, :message ":evidence-captured", :context {:type "yield-deposit", :hash "f67daa71181333cfb644aad302c837a2b422c56ff10b0d9d356f1953335b13ac"}}
{:ts "2026-08-13T23:00:17.153879247Z", :level :info, :message ":evidence-captured", :context {:type "yield-deposit", :hash "28105ebeca04b133263c18d6ccace4c4065958a648f2d02babb8c00d31667376"}}
{:ts "2026-08-13T23:00:17.171462494Z", :level :info, :message ":evidence-captured", :context {:type "yield-deposit", :hash "cc41e0ca14305df88d405aede9350cd92f0c223a1871833040a0d4da36536726"}}
{:ts "2026-08-13T23:00:17.342630614Z", :level :info, :message ":evidence-captured", :context {:type "yield-withdraw-shared", :hash "25c8b2f18f33670457f5ac02ebe62517be6b42124be8c772db9d4a47a6714fe4"}}
{:ts "2026-08-13T23:00:17.528791448Z", :level :info, :message "yield-replay/end", :context {:id "Y09_shared-pool-zero-liquidity-pro-rata", :outcome :pass}}
{:ts "2026-08-13T23:00:17.529538139Z", :level :info, :message "yield-replay/start", :context {:id "Y10_shared-pool-largest-remainder-pro-rata"}}
{:ts "2026-08-13T23:00:17.538350222Z", :level :info, :message ":evidence-captured", :context {:type "yield-deposit", :hash "aa0d6aa3cbdaf9df9004bd2f87ca347c7f55183b42d56282a2a9b4cc7f7835ea"}}
{:ts "2026-08-13T23:00:17.550255771Z", :level :info, :message ":evidence-captured", :context {:type "yield-deposit", :hash "9903fb676ecd6f26f808a8009b8c1f90628e8c94391a98903b8778d4179a5d18"}}
{:ts "2026-08-13T23:00:17.563836791Z", :level :info, :message ":evidence-captured", :context {:type "yield-deposit", :hash "0fcaa9661fcf3a35ced619c645baf70a96ff0825eb1318788c0c00a8feedc74c"}}
{:ts "2026-08-13T23:00:17.744529068Z", :level :info, :message ":evidence-captured", :context {:type "yield-withdraw-shared", :hash "9069b7b3f00e0f25a58b5346be2a1a254bf3a7c3dec7e20e674df8dbe9f9f7cb"}}
{:ts "2026-08-13T23:00:17.920504458Z", :level :info, :message "yield-replay/end", :context {:id "Y10_shared-pool-largest-remainder-pro-rata", :outcome :pass}}
{:ts "2026-08-13T23:00:17.921088116Z", :level :info, :message "yield-replay/start", :context {:id "Y11_cap-constrained-pro-rata-redistribution"}}
{:ts "2026-08-13T23:00:17.928652008Z", :level :info, :message ":evidence-captured", :context {:type "yield-deposit", :hash "a89148229b02eb09d58d66cac9e2963561ce8191fa4e55b71848b616190e8903"}}
{:ts "2026-08-13T23:00:17.942494889Z", :level :info, :message ":evidence-captured", :context {:type "yield-deposit", :hash "f8d435a628138ee493ab5f721dfb6be5ff579b2e9cc01448b76c76eb94503738"}}
{:ts "2026-08-13T23:00:17.959061489Z", :level :info, :message ":evidence-captured", :context {:type "yield-deposit", :hash "8fbd3c05e3dedd23a3f7b07d7453ef672f8c36b259874803a119939cab7d8870"}}
{:ts "2026-08-13T23:00:18.128919178Z", :level :info, :message ":evidence-captured", :context {:type "yield-withdraw-shared", :hash "6f4fab9abd06842e087e8054690f5039810ab01841442540a27377da8427158e"}}
{:ts "2026-08-13T23:00:18.302823510Z", :level :info, :message "yield-replay/end", :context {:id "Y11_cap-constrained-pro-rata-redistribution", :outcome :pass}}
{:ts "2026-08-13T23:00:18.303439440Z", :level :info, :message "yield-replay/start", :context {:id "Y12_cascading-cap-redistribution"}}
{:ts "2026-08-13T23:00:18.309963760Z", :level :info, :message ":evidence-captured", :context {:type "yield-deposit", :hash "e6bf32be2a3c9edda734d16cd51f40aa5fa32b2d3cb5d948a8d870bb9d322ffa"}}
{:ts "2026-08-13T23:00:18.322338649Z", :level :info, :message ":evidence-captured", :context {:type "yield-deposit", :hash "79a299f06240d29b0c41a76002ad1acf9cb8cdcc17c9d7c1a0e3c58ea2676215"}}
{:ts "2026-08-13T23:00:18.336586236Z", :level :info, :message ":evidence-captured", :context {:type "yield-deposit", :hash "0f5f569d63dc858397636d7c9cd5053a6a737435b29bed6a80db4f34bb5981d3"}}
{:ts "2026-08-13T23:00:18.518827040Z", :level :info, :message ":evidence-captured", :context {:type "yield-withdraw-shared", :hash "c835cfb26971dc322a287b5a6d5ef5fa4e8da2c604093f2998c732acca436642"}}
{:ts "2026-08-13T23:00:18.939656674Z", :level :info, :message "yield-replay/end", :context {:id "Y12_cascading-cap-redistribution", :outcome :pass}}
{:ts "2026-08-13T23:00:18.940675917Z", :level :info, :message "yield-replay/start", :context {:id "Y13_all-caps-residual-liquidity"}}
{:ts "2026-08-13T23:00:18.957722276Z", :level :info, :message ":evidence-captured", :context {:type "yield-deposit", :hash "e421bad7fd652de9986a9d4ebf89cd56560485cad1f881baedc892b38c92cf10"}}
{:ts "2026-08-13T23:00:18.970020358Z", :level :info, :message ":evidence-captured", :context {:type "yield-deposit", :hash "677fd5226f1d552fd22ef51cf5de9a4bcef2dbb7d769f46dfa4bc476eeb37578"}}
{:ts "2026-08-13T23:00:18.981380783Z", :level :info, :message ":evidence-captured", :context {:type "yield-deposit", :hash "1bdc491aa5a84dcb038ab40edc07df66016184ef644a6575a4277ae31453356e"}}
{:ts "2026-08-13T23:00:19.118738736Z", :level :info, :message ":evidence-captured", :context {:type "yield-withdraw-shared", :hash "7d7c141876b1016f9e931f7e7bcd79cf8bcdad9280532ff1b89aa621af8aa809"}}
{:ts "2026-08-13T23:00:19.243780813Z", :level :info, :message "yield-replay/end", :context {:id "Y13_all-caps-residual-liquidity", :outcome :pass}}
{:ts "2026-08-13T23:00:19.244355655Z", :level :info, :message "yield-replay/start", :context {:id "Y14_round-two-shared-liquidity"}}
{:ts "2026-08-13T23:00:19.249824111Z", :level :info, :message ":evidence-captured", :context {:type "yield-deposit", :hash "2c8128c1bf58f0a332a7c9d3ed665bf638a6e18026746e67313ea68f299c8e3a"}}
{:ts "2026-08-13T23:00:19.271345083Z", :level :info, :message ":evidence-captured", :context {:type "yield-deposit", :hash "9ee7707fa1318a321615fff46c5e2746cef953e20c14928dd27eb8ffcfd511fa"}}
{:ts "2026-08-13T23:00:19.285106589Z", :level :info, :message ":evidence-captured", :context {:type "yield-deposit", :hash "6dd1b619b782cce9b6aca1838df537cffc2614d6339f0b2bca5711a9a6992175"}}
{:ts "2026-08-13T23:00:19.302376196Z", :level :info, :message ":evidence-captured", :context {:type "yield-deposit", :hash "5810c0f7a81d651e96ed8eaa8737fc306f7b6b08006b268ec83953db5b352ea2"}}
{:ts "2026-08-13T23:00:19.511134554Z", :level :info, :message ":evidence-captured", :context {:type "yield-withdraw-shared", :hash "e33b21098c96cb58fbc1b8cf0b62b0e873a152c4adc9523510c681cfdb87a19c"}}
{:ts "2026-08-13T23:00:20.142894126Z", :level :info, :message ":evidence-captured", :context {:type "yield-withdraw-shared", :hash "5823f5404b95f0ebe24ecb1a155d6cb2e6e4a05aa7fc23265985c90bd317bfd6"}}
{:ts "2026-08-13T23:00:20.810675885Z", :level :info, :message ":evidence-captured", :context {:type "yield-withdraw-shared", :hash "49d6ffaaf16d222fec3b0010b7196e1059f460c4fcfe499aaa9bf9d617d61f95"}}
{:ts "2026-08-13T23:00:21.255485272Z", :level :info, :message "yield-replay/end", :context {:id "Y14_round-two-shared-liquidity", :outcome :pass}}
Clerk evaluated 'notebooks/yield_scenarios_workbench.clj' in 7501.931964ms.
Clerk evaluated 'notebooks/canonical_framing.clj' in 204.361625ms.
Clerk evaluated 'notebooks/equilibrium_artifact.clj' in 38.406373ms.
{:ts "2026-08-13T23:00:23.756090893Z", :level :info, :message ":evidence-captured", :context {:type "escrow-created", :hash "8300778908e5855f835a1670de6f790d461b556deb4e305b547f48a17d20b41e"}}
{:ts "2026-08-13T23:00:23.828175770Z", :level :info, :message ":evidence-captured", :context {:type "escrow-released", :hash "603b621f1696687d6e561931d81888f330f4e49a158e1f555dfdf5d0ad8fc801"}}
{:ts "2026-08-13T23:00:23.850766832Z", :level :info, :message "scenario/end", :context {:id "s01-baseline-happy-path", :outcome :pass, :ctx/scenario-id "s01-baseline-happy-path", :ctx/run-id "s01-baseline-happy-path-run"}}
{:ts "2026-08-13T23:00:23.852258219Z", :level :info, :message "scenario/start", :context {:id "s01-baseline-happy-path", :ctx/scenario-id "s01-baseline-happy-path", :ctx/run-id "s01-baseline-happy-path-run"}}
{:ts "2026-08-13T23:00:23.867300489Z", :level :info, :message ":evidence-captured", :context {:type "escrow-created", :hash "64999ccfd45721361709b01e7833e8177d42203ff18fddb1da03d73ccab25a65"}}
{:ts "2026-08-13T23:00:23.898406114Z", :level :info, :message ":evidence-captured", :context {:type "dispute-raised", :hash "23ce45d7fb1ca6dba8f98533cea121be379f4fc8655584e68f295aa7d6cb4e8d"}}
{:ts "2026-08-13T23:00:23.924455371Z", :level :debug, :message "Submitting resolution", :context {:caller "0xresolver", :workflow-id 0}}
{:ts "2026-08-13T23:00:23.937390774Z", :level :info, :message ":evidence-captured", :context {:type "escrow-released", :hash "266ce1de70003fb75213bff2a2fdebacd6ba0bf30776ee7c38c5d8077924311b"}}
{:ts "2026-08-13T23:00:23.960624437Z", :level :info, :message "scenario/end", :context {:id "s02-dr3-dispute-release", :outcome :pass, :ctx/scenario-id "s02-dr3-dispute-release", :ctx/run-id "s02-dr3-dispute-release-run"}}
{:ts "2026-08-13T23:00:23.961344186Z", :level :info, :message "scenario/start", :context {:id "s02-dr3-dispute-release", :ctx/scenario-id "s02-dr3-dispute-release", :ctx/run-id "s02-dr3-dispute-release-run"}}
{:ts "2026-08-13T23:00:23.975522260Z", :level :info, :message ":evidence-captured", :context {:type "escrow-created", :hash "55d190dc9a87a0c140991a9d8b015696aec850361e38d8f8f1eb56b586446d35"}}
{:ts "2026-08-13T23:00:24.007334729Z", :level :info, :message ":evidence-captured", :context {:type "dispute-raised", :hash "efdda3aca518eb784934b46c10cf030bbf23f3c278f3e22d9dfe54299106eb1d"}}
{:ts "2026-08-13T23:00:24.033116684Z", :level :debug, :message "Submitting resolution", :context {:caller "0xresolver", :workflow-id 0}}
{:ts "2026-08-13T23:00:24.046817744Z", :level :info, :message ":evidence-captured", :context {:type "escrow-refunded", :hash "a73fa4f48f0cd6fef9584f126e56b2233ac067a5649c037122e8681f148499f9"}}
{:ts "2026-08-13T23:00:24.069949162Z", :level :info, :message "scenario/end", :context {:id "s03-dr3-dispute-refund", :outcome :pass, :ctx/scenario-id "s03-dr3-dispute-refund", :ctx/run-id "s03-dr3-dispute-refund-run"}}
{:ts "2026-08-13T23:00:24.070860047Z", :level :info, :message "scenario/start", :context {:id "s03-dr3-dispute-refund", :ctx/scenario-id "s03-dr3-dispute-refund", :ctx/run-id "s03-dr3-dispute-refund-run"}}
{:ts "2026-08-13T23:00:24.086886171Z", :level :info, :message ":evidence-captured", :context {:type "escrow-created", :hash "35e78ed8538ea042dc9984ae60aa2b868062cfea3c2eadd3ce96a97754bd9b03"}}
{:ts "2026-08-13T23:00:24.117180161Z", :level :info, :message ":evidence-captured", :context {:type "dispute-raised", :hash "95534f3d97d5a9ff7826bcdf53fff3e208a72ccc16c1018e7a4ea5edd32561e6"}}
{:ts "2026-08-13T23:00:24.174525889Z", :level :info, :message ":evidence-captured", :context {:type "escrow-refunded", :hash "d8e9bb9ac8ed6562b871bb5c8bb09bc6098ca6efab64141fe9557c2de49020d6"}}
{:ts "2026-08-13T23:00:24.198662332Z", :level :info, :message "scenario/end", :context {:id "s04-dispute-timeout-autocancel", :outcome :pass, :ctx/scenario-id "s04-dispute-timeout-autocancel", :ctx/run-id "s04-dispute-timeout-autocancel-run"}}
{:ts "2026-08-13T23:00:24.199533511Z", :level :info, :message "scenario/start", :context {:id "s04-dispute-timeout-autocancel", :ctx/scenario-id "s04-dispute-timeout-autocancel", :ctx/run-id "s04-dispute-timeout-autocancel-run"}}
{:ts "2026-08-13T23:00:24.214311364Z", :level :info, :message ":evidence-captured", :context {:type "escrow-created", :hash "a3ad5e3395be7e76c9a9a1d96291ae5fc958dbb03af1eeb112cc2831777925ce"}}
{:ts "2026-08-13T23:00:24.246878509Z", :level :info, :message ":evidence-captured", :context {:type "dispute-raised", :hash "1f1e3879e77316abcd38b2e3d12e9499564d49766e3303472140ee79690a3ee9"}}
{:ts "2026-08-13T23:00:24.269328952Z", :level :debug, :message "Submitting resolution", :context {:caller "0xresolver", :workflow-id 0}}
{:ts "2026-08-13T23:00:24.293785839Z", :level :debug, :message "guard/rejected", :context {:block-time 1180, :appeal-deadline 1240, :workflow-id 0, :error :appeal-window-not-expired, :ctx/scenario-id "s05-pending-settlement-execute", :ctx/run-id "s05-pending-settlement-execute-run", :ctx/event-index 3, :ctx/event-type "execute_pending_settlement"}}
{:ts "2026-08-13T23:00:24.297270725Z", :level :info, :message ":evidence-captured", :context {:type "guard-rejected", :hash "515b1c4d6f9b80078358620bd3e031df6a7276ef8d26de8fc1eb4b24e4446032"}}
{:ts "2026-08-13T23:00:24.320175108Z", :level :info, :message ":evidence-captured", :context {:type "escrow-released", :hash "ce5065c5033257968773ae055fee12902e1277d18117de18ad892a65ca75598e"}}
{:ts "2026-08-13T23:00:24.342687288Z", :level :info, :message "scenario/end", :context {:id "s05-pending-settlement-execute", :outcome :pass, :ctx/scenario-id "s05-pending-settlement-execute", :ctx/run-id "s05-pending-settlement-execute-run"}}
{:ts "2026-08-13T23:00:24.343476741Z", :level :info, :message "scenario/start", :context {:id "s05-pending-settlement-execute", :ctx/scenario-id "s05-pending-settlement-execute", :ctx/run-id "s05-pending-settlement-execute-run"}}
{:ts "2026-08-13T23:00:24.356857016Z", :level :info, :message ":evidence-captured", :context {:type "escrow-created", :hash "84e39301417dfb3448ce2a54b22224daf2e81869e54583409cd756034184781d"}}
{:ts "2026-08-13T23:00:24.408894965Z", :level :info, :message ":evidence-captured", :context {:type "escrow-refunded", :hash "b4885924e95c522618c6993e003e5dd0d54e88404605bd505d3b2824a818d8c1"}}
{:ts "2026-08-13T23:00:24.430961542Z", :level :info, :message "scenario/end", :context {:id "s06-mutual-cancel", :outcome :pass, :ctx/scenario-id "s06-mutual-cancel", :ctx/run-id "s06-mutual-cancel-run"}}
{:ts "2026-08-13T23:00:24.431974012Z", :level :info, :message "scenario/start", :context {:id "s06-mutual-cancel", :ctx/scenario-id "s06-mutual-cancel", :ctx/run-id "s06-mutual-cancel-run"}}
{:ts "2026-08-13T23:00:24.447456335Z", :level :info, :message ":evidence-captured", :context {:type "escrow-created", :hash "ceef1bd8ae85fb6cd916aa977aab9ddd101e8bbbae21c437c9fea9331094a85b"}}
{:ts "2026-08-13T23:00:24.479888211Z", :level :info, :message ":evidence-captured", :context {:type "dispute-raised", :hash "b1b109b0177f8a627743c513dec7e0ba96b9bafb082a388f0778dec0f5e1cf3d"}}
{:ts "2026-08-13T23:00:24.504396306Z", :level :debug, :message "guard/rejected", :context {:caller "0xbadresolver", :dispute-level 0, :workflow-id 0, :error :not-authorized-resolver, :ctx/scenario-id "s07-unauthorized-resolver-rejected", :ctx/run-id "s07-unauthorized-resolver-rejected-run", :ctx/event-index 2, :ctx/event-type "execute_resolution"}}
{:ts "2026-08-13T23:00:24.507475836Z", :level :info, :message ":evidence-captured", :context {:type "guard-rejected", :hash "5725b2811af5bc71ee946c83c6282eb5072852cc3f34472669e01b792d6d711f"}}
{:ts "2026-08-13T23:00:24.517980612Z", :level :debug, :message "Submitting resolution", :context {:caller "0xresolver", :workflow-id 0}}
{:ts "2026-08-13T23:00:24.530651608Z", :level :info, :message ":evidence-captured", :context {:type "escrow-released", :hash "7ba0362be7546ef57fa836c15d0d8a4c2f002331145fac344d6df438f35b8f40"}}
{:ts "2026-08-13T23:00:24.554605210Z", :level :info, :message "scenario/end", :context {:id "s07-unauthorized-resolver-rejected", :outcome :pass, :ctx/scenario-id "s07-unauthorized-resolver-rejected", :ctx/run-id "s07-unauthorized-resolver-rejected-run"}}
{:ts "2026-08-13T23:00:24.555698325Z", :level :info, :message "scenario/start", :context {:id "s07-unauthorized-resolver-rejected", :ctx/scenario-id "s07-unauthorized-resolver-rejected", :ctx/run-id "s07-unauthorized-resolver-rejected-run"}}
{:ts "2026-08-13T23:00:24.570420060Z", :level :info, :message ":evidence-captured", :context {:type "escrow-created", :hash "c222f3d62baab272f48449f480f8f820c3674bbdc655b024c31c62edd7a1890f"}}
{:ts "2026-08-13T23:00:24.591275717Z", :level :debug, :message "guard/rejected", :context {:escrow-state :pending, :workflow-id 0, :error :transfer-not-in-dispute, :ctx/scenario-id "s08-state-machine-attack-gauntlet", :ctx/run-id "s08-state-machine-attack-gauntlet-run", :ctx/event-index 1, :ctx/event-type "execute_resolution"}}
{:ts "2026-08-13T23:00:24.594298539Z", :level :info, :message ":evidence-captured", :context {:type "guard-rejected", :hash "28b3d9898b8158a95c567fcdbbdd6c7c32f76e5619fdad36a321b8f508cd57ce"}}
{:ts "2026-08-13T23:00:24.613674230Z", :level :info, :message ":evidence-captured", :context {:type "dispute-raised", :hash "036036561517e154c5d3209c623e4f630645e60910367c6267f34a4d58cd5941"}}
{:ts "2026-08-13T23:00:24.636986664Z", :level :debug, :message "guard/rejected", :context {:escrow-state :disputed, :workflow-id 0, :error :transfer-not-pending, :ctx/scenario-id "s08-state-machine-attack-gauntlet", :ctx/run-id "s08-state-machine-attack-gauntlet-run", :ctx/event-index 3, :ctx/event-type "release"}}
{:ts "2026-08-13T23:00:24.657390055Z", :level :debug, :message "Submitting resolution", :context {:caller "0xresolver", :workflow-id 0}}
{:ts "2026-08-13T23:00:24.671221234Z", :level :info, :message ":evidence-captured", :context {:type "escrow-released", :hash "9933f74accb83c9148fa2b3c94af330330b1f9367b80fc711b52a3dfbe738ee3"}}
{:ts "2026-08-13T23:00:24.699476168Z", :level :debug, :message "guard/rejected", :context {:escrow-state :released, :workflow-id 0, :error :transfer-not-in-dispute, :ctx/scenario-id "s08-state-machine-attack-gauntlet", :ctx/run-id "s08-state-machine-attack-gauntlet-run", :ctx/event-index 6, :ctx/event-type "execute_resolution"}}
{:ts "2026-08-13T23:00:24.701885604Z", :level :info, :message ":evidence-captured", :context {:type "guard-rejected", :hash "026f3c5285d3a870be950c204969578c2649f6e35463a05a076533f7e251a10b"}}
{:ts "2026-08-13T23:00:24.728674478Z", :level :debug, :message "guard/rejected", :context {:escrow-state :released, :workflow-id 0, :error :transfer-not-pending, :ctx/scenario-id "s08-state-machine-attack-gauntlet", :ctx/run-id "s08-state-machine-attack-gauntlet-run", :ctx/event-index 8, :ctx/event-type "release"}}
{:ts "2026-08-13T23:00:24.746391222Z", :level :info, :message "scenario/end", :context {:id "s08-state-machine-attack-gauntlet", :outcome :pass, :ctx/scenario-id "s08-state-machine-attack-gauntlet", :ctx/run-id "s08-state-machine-attack-gauntlet-run"}}
{:ts "2026-08-13T23:00:24.749561065Z", :level :info, :message "scenario/start", :context {:id "s08-state-machine-attack-gauntlet", :ctx/scenario-id "s08-state-machine-attack-gauntlet", :ctx/run-id "s08-state-machine-attack-gauntlet-run"}}
{:ts "2026-08-13T23:00:24.764839286Z", :level :info, :message ":evidence-captured", :context {:type "escrow-created", :hash "7ac339ec8144d39d3f981003976d4059a2e0a3aac945344872b9421dcefe2b7d"}}
{:ts "2026-08-13T23:00:24.797508868Z", :level :info, :message ":evidence-captured", :context {:type "escrow-created", :hash "6fdd7b83f589c4dcac5010b993f4f6ed1c588975e80ab5ff43b044b8bda601e2"}}
{:ts "2026-08-13T23:00:24.843935606Z", :level :info, :message ":evidence-captured", :context {:type "escrow-created", :hash "7c47d15d30f722782d593a25eeea91873db5ebd50883e06bcf777f375b6e0ba8"}}
{:ts "2026-08-13T23:00:24.900025298Z", :level :info, :message ":evidence-captured", :context {:type "escrow-released", :hash "799050424cf33c7272dc003e60e39ce7acbb7796143fb62807a3a76a5e08a1e0"}}
{:ts "2026-08-13T23:00:24.946533413Z", :level :info, :message ":evidence-captured", :context {:type "dispute-raised", :hash "764f683cab003f596cffae4a94fc6b77217ebb9748655181b00e07fd55fdec0f"}}
{:ts "2026-08-13T23:00:25.001467551Z", :level :info, :message ":evidence-captured", :context {:type "dispute-raised", :hash "c687b30b179db6eacbaa23459f0e9047963a08a96f81c212cf52a44349f62cb2"}}
{:ts "2026-08-13T23:00:25.040492889Z", :level :debug, :message "Submitting resolution", :context {:caller "0xresolver", :workflow-id 1}}
{:ts "2026-08-13T23:00:25.059169371Z", :level :info, :message ":evidence-captured", :context {:type "escrow-released", :hash "ff059ff4ab03cca7c1cf3fb77a8aa0fad87b87189e965d242e535e4d58477fee"}}
{:ts "2026-08-13T23:00:25.102541938Z", :level :debug, :message "Submitting resolution", :context {:caller "0xresolver", :workflow-id 2}}
{:ts "2026-08-13T23:00:25.124553109Z", :level :info, :message ":evidence-captured", :context {:type "escrow-released", :hash "a21cde6eabce6efd984f634e503efaef204d14414f4ab68f0940a9d33fc60c02"}}
{:ts "2026-08-13T23:00:25.164073526Z", :level :info, :message "scenario/end", :context {:id "s09-multi-escrow-solvency", :outcome :pass, :ctx/scenario-id "s09-multi-escrow-solvency", :ctx/run-id "s09-multi-escrow-solvency-run"}}
{:ts "2026-08-13T23:00:25.165100023Z", :level :info, :message "scenario/start", :context {:id "s09-multi-escrow-solvency", :ctx/scenario-id "s09-multi-escrow-solvency", :ctx/run-id "s09-multi-escrow-solvency-run"}}
{:ts "2026-08-13T23:00:25.179161383Z", :level :info, :message ":evidence-captured", :context {:type "escrow-created", :hash "d0a65504a01d7efa77b61d8194ed1b5d0205c77fa08db7804aaddf40aee23af2"}}
{:ts "2026-08-13T23:00:25.211301901Z", :level :info, :message ":evidence-captured", :context {:type "escrow-created", :hash "dafcb87752c6482e13b211ae40915ff623297939fc777c6923a1d0a70f9383de"}}
{:ts "2026-08-13T23:00:25.250042894Z", :level :info, :message ":evidence-captured", :context {:type "escrow-released", :hash "51e289a6b5f430af5547088cde332ee9e16a851d626dc8594988ddfe5487d70d"}}
{:ts "2026-08-13T23:00:25.300292317Z", :level :info, :message ":evidence-captured", :context {:type "dispute-raised", :hash "8342bc4bce8d34dbadda2c8398e82e5535c570a97e939dfa63d5655c45d39e0f"}}
{:ts "2026-08-13T23:00:25.335433594Z", :level :debug, :message "Submitting resolution", :context {:caller "0xresolver", :workflow-id 1}}
{:ts "2026-08-13T23:00:25.350056199Z", :level :info, :message ":evidence-captured", :context {:type "escrow-released", :hash "710a6fedc1153d7b6b35911abdb5375db97bc1c1740e81f3ca6363db01b664e6"}}
{:ts "2026-08-13T23:00:25.383194749Z", :level :debug, :message "guard/rejected", :context {:escrow-state :released, :workflow-id 0, :error :transfer-not-pending, :ctx/scenario-id "s10-double-finalize-rejected", :ctx/run-id "s10-double-finalize-rejected-run", :ctx/event-index 5, :ctx/event-type "release"}}
{:ts "2026-08-13T23:00:25.399317979Z", :level :debug, :message "guard/rejected", :context {:escrow-state :released, :workflow-id 0, :error :transfer-not-pending, :ctx/scenario-id "s10-double-finalize-rejected", :ctx/run-id "s10-double-finalize-rejected-run", :ctx/event-index 6, :ctx/event-type "release"}}
{:ts "2026-08-13T23:00:25.417500505Z", :level :debug, :message "guard/rejected", :context {:escrow-state :released, :workflow-id 1, :error :transfer-not-in-dispute, :ctx/scenario-id "s10-double-finalize-rejected", :ctx/run-id "s10-double-finalize-rejected-run", :ctx/event-index 7, :ctx/event-type "execute_resolution"}}
{:ts "2026-08-13T23:00:25.419829607Z", :level :info, :message ":evidence-captured", :context {:type "guard-rejected", :hash "7a8791d6509b89c39488af2efbdef0245b14f106184ceacde20eba4f7cfcb27a"}}
{:ts "2026-08-13T23:00:25.429469556Z", :level :info, :message "scenario/end", :context {:id "s10-double-finalize-rejected", :outcome :pass, :ctx/scenario-id "s10-double-finalize-rejected", :ctx/run-id "s10-double-finalize-rejected-run"}}
{:ts "2026-08-13T23:00:25.430314445Z", :level :info, :message "scenario/start", :context {:id "s10-double-finalize-rejected", :ctx/scenario-id "s10-double-finalize-rejected", :ctx/run-id "s10-double-finalize-rejected-run"}}
{:ts "2026-08-13T23:00:25.445756571Z", :level :info, :message ":evidence-captured", :context {:type "escrow-created", :hash "ec54dfa324fbb7059c426043b6e9546fe4fd82206ab5f47238fc72acf16f9064"}}
{:ts "2026-08-13T23:00:25.473291815Z", :level :info, :message ":evidence-captured", :context {:type "dispute-raised", :hash "f0f3b2b579847193767e58afea982c849f9e9fa6ad325d05b4ad3c464e294a69"}}
{:ts "2026-08-13T23:00:25.496711054Z", :level :debug, :message "Submitting resolution", :context {:caller "0xresolver", :workflow-id 0}}
{:ts "2026-08-13T23:00:25.508564464Z", :level :info, :message ":evidence-captured", :context {:type "escrow-released", :hash "af66ba82dbfbc7e59007984812adaedfbd862cad28b0e26f871e03818ce2e89e"}}
{:ts "2026-08-13T23:00:25.530587407Z", :level :info, :message "scenario/end", :context {:id "s11-zero-fee-edge-case", :outcome :pass, :ctx/scenario-id "s11-zero-fee-edge-case", :ctx/run-id "s11-zero-fee-edge-case-run"}}
{:ts "2026-08-13T23:00:25.531325702Z", :level :info, :message "scenario/start", :context {:id "s11-zero-fee-edge-case", :ctx/scenario-id "s11-zero-fee-edge-case", :ctx/run-id "s11-zero-fee-edge-case-run"}}
{:ts "2026-08-13T23:00:25.545153735Z", :level :info, :message ":evidence-captured", :context {:type "escrow-created", :hash "373c0e33d0dfd68e3ac6a207c4bcdd2943aef0347b7e05d1e70f56b1efea66e4"}}
{:ts "2026-08-13T23:00:25.577865928Z", :level :info, :message ":evidence-captured", :context {:type "escrow-released", :hash "6fc7cec62aa814a26b98c44ad387e46327ae0b863d0bc2ef19aabf6c163aa5da"}}
{:ts "2026-08-13T23:00:25.599549862Z", :level :info, :message "scenario/end", :context {:id "s12a-snapshot-isolation-fee-zero", :outcome :pass, :ctx/scenario-id "s12a-snapshot-isolation-fee-zero", :ctx/run-id "s12a-snapshot-isolation-fee-zero-run"}}
{:ts "2026-08-13T23:00:25.601089852Z", :level :info, :message "scenario/start", :context {:id "s12a-snapshot-isolation-fee-zero", :ctx/scenario-id "s12a-snapshot-isolation-fee-zero", :ctx/run-id "s12a-snapshot-isolation-fee-zero-run"}}
{:ts "2026-08-13T23:00:25.616361621Z", :level :info, :message ":evidence-captured", :context {:type "escrow-created", :hash "133e9c3e584a41cd74495732dc9f4c5cb85faedcb8657327eda563e5faa9d340"}}
{:ts "2026-08-13T23:00:25.651653056Z", :level :info, :message ":evidence-captured", :context {:type "escrow-released", :hash "b4f2e073b9454c3c6dded32069a30dd6f8aa18b147bc22fce84d4cdc93c77526"}}
{:ts "2026-08-13T23:00:25.673606727Z", :level :info, :message "scenario/end", :context {:id "s12b-snapshot-isolation-fee-500", :outcome :pass, :ctx/scenario-id "s12b-snapshot-isolation-fee-500", :ctx/run-id "s12b-snapshot-isolation-fee-500-run"}}
{:ts "2026-08-13T23:00:25.674470742Z", :level :info, :message "scenario/start", :context {:id "s12b-snapshot-isolation-fee-500", :ctx/scenario-id "s12b-snapshot-isolation-fee-500", :ctx/run-id "s12b-snapshot-isolation-fee-500-run"}}
{:ts "2026-08-13T23:00:25.690206831Z", :level :info, :message ":evidence-captured", :context {:type "escrow-created", :hash "f8a23cb91b041272c4c53b4d28fa69f933506f639f2461a6e2491c81d6e021ac"}}
{:ts "2026-08-13T23:00:25.724766243Z", :level :info, :message ":evidence-captured", :context {:type "dispute-raised", :hash "6853478412abb85d2ec6eeeccc903593e1c654be864c8597eff96101f7518f15"}}
{:ts "2026-08-13T23:00:25.748896163Z", :level :debug, :message "Submitting resolution", :context {:caller "0xresolver", :workflow-id 0}}
{:ts "2026-08-13T23:00:25.772647298Z", :level :debug, :message "guard/rejected", :context {:block-time 1180, :appeal-deadline 1240, :workflow-id 0, :error :appeal-window-not-expired, :ctx/scenario-id "s13-pending-settlement-refund", :ctx/run-id "s13-pending-settlement-refund-run", :ctx/event-index 3, :ctx/event-type "execute_pending_settlement"}}
{:ts "2026-08-13T23:00:25.775863330Z", :level :info, :message ":evidence-captured", :context {:type "guard-rejected", :hash "8a6bde4cff8077f7fa12d11cbf3109be358c0271e2f3bde83764771cb958ad57"}}
{:ts "2026-08-13T23:00:25.801209230Z", :level :info, :message ":evidence-captured", :context {:type "escrow-refunded", :hash "b53dc525d82adfec283e5d999a2b36d74963437594a1a9ae7c601bdb7de77d02"}}
{:ts "2026-08-13T23:00:25.825660355Z", :level :info, :message "scenario/end", :context {:id "s13-pending-settlement-refund", :outcome :pass, :ctx/scenario-id "s13-pending-settlement-refund", :ctx/run-id "s13-pending-settlement-refund-run"}}
{:ts "2026-08-13T23:00:25.826631546Z", :level :info, :message "scenario/start", :context {:id "s13-pending-settlement-refund", :ctx/scenario-id "s13-pending-settlement-refund", :ctx/run-id "s13-pending-settlement-refund-run"}}
{:ts "2026-08-13T23:00:25.841249172Z", :level :info, :message ":evidence-captured", :context {:type "escrow-created", :hash "2189386022a1f4bf64b318d80659ee87ea32d935d7cfc7b3616e4e16fa694061"}}
{:ts "2026-08-13T23:00:25.882812132Z", :level :info, :message ":evidence-captured", :context {:type "dispute-raised", :hash "4798612c5d6c63855604cef758865aefab0acd9bd99a04d5cae9aeb89a873f45"}}
{:ts "2026-08-13T23:00:25.908273704Z", :level :debug, :message "Submitting resolution", :context {:caller "0xresolver", :workflow-id 0}}
{:ts "2026-08-13T23:00:25.922476755Z", :level :info, :message ":evidence-captured", :context {:type "escrow-released", :hash "a41e985a6a89148868d8501b74e1648f8415c6a7c4f3b2f7cc160e0e50b06a89"}}
{:ts "2026-08-13T23:00:25.946357809Z", :level :info, :message "scenario/end", :context {:id "s14-dr3-module-authorized", :outcome :pass, :ctx/scenario-id "s14-dr3-module-authorized", :ctx/run-id "s14-dr3-module-authorized-run"}}
{:ts "2026-08-13T23:00:25.947126852Z", :level :info, :message "scenario/start", :context {:id "s14-dr3-module-authorized", :ctx/scenario-id "s14-dr3-module-authorized", :ctx/run-id "s14-dr3-module-authorized-run"}}
{:ts "2026-08-13T23:00:25.963416030Z", :level :info, :message ":evidence-captured", :context {:type "escrow-created", :hash "54478af1bdaa006817ecdc1f633673a3a7a269d83e61878a93ba537497075d63"}}
{:ts "2026-08-13T23:00:25.999073176Z", :level :info, :message ":evidence-captured", :context {:type "dispute-raised", :hash "48abb921f15061e64d633425ef08ac1c1546841ee8d5be977b96319b7d872ac4"}}
{:ts "2026-08-13T23:00:26.024871202Z", :level :debug, :message "guard/rejected", :context {:caller "0xbadresolver", :dispute-level 0, :workflow-id 0, :error :not-authorized-resolver, :ctx/scenario-id "s15-dr3-module-unauthorized-rejected", :ctx/run-id "s15-dr3-module-unauthorized-rejected-run", :ctx/event-index 2, :ctx/event-type "execute_resolution"}}
{:ts "2026-08-13T23:00:26.027329121Z", :level :info, :message ":evidence-captured", :context {:type "guard-rejected", :hash "44350205051e7ea0fe66b09f149a3683e01ff9fd55cb7cd5128bd4cb18e30279"}}
{:ts "2026-08-13T23:00:26.039852264Z", :level :debug, :message "Submitting resolution", :context {:caller "0xresolver", :workflow-id 0}}
{:ts "2026-08-13T23:00:26.054343157Z", :level :info, :message ":evidence-captured", :context {:type "escrow-released", :hash "f1dbc66b5d286adaca19f0b4a5e9bd8ff7adf8da881dd6aa4ecca472220b7884"}}
{:ts "2026-08-13T23:00:26.083845039Z", :level :info, :message "scenario/end", :context {:id "s15-dr3-module-unauthorized-rejected", :outcome :pass, :ctx/scenario-id "s15-dr3-module-unauthorized-rejected", :ctx/run-id "s15-dr3-module-unauthorized-rejected-run"}}
{:ts "2026-08-13T23:00:26.084682203Z", :level :info, :message "scenario/start", :context {:id "s15-dr3-module-unauthorized-rejected", :ctx/scenario-id "s15-dr3-module-unauthorized-rejected", :ctx/run-id "s15-dr3-module-unauthorized-rejected-run"}}
{:ts "2026-08-13T23:00:26.099608060Z", :level :info, :message ":evidence-captured", :context {:type "escrow-created", :hash "53dad715bdc02468b2e573bf8ec07101627075312200159a88d04527907177c1"}}
{:ts "2026-08-13T23:00:26.146973567Z", :level :info, :message ":evidence-captured", :context {:type "escrow-released", :hash "9cb5e211b23a9dd0f6f57ea12cc53c03b50d797dd365a1a3ecfd026cf4dd26e9"}}
{:ts "2026-08-13T23:00:26.169633150Z", :level :info, :message "scenario/end", :context {:id "s16-ieo-create-release", :outcome :pass, :ctx/scenario-id "s16-ieo-create-release", :ctx/run-id "s16-ieo-create-release-run"}}
{:ts "2026-08-13T23:00:26.170632114Z", :level :info, :message "scenario/start", :context {:id "s16-ieo-create-release", :ctx/scenario-id "s16-ieo-create-release", :ctx/run-id "s16-ieo-create-release-run"}}
{:ts "2026-08-13T23:00:26.184751355Z", :level :info, :message ":evidence-captured", :context {:type "escrow-created", :hash "37ddba60dcc010b658b97a37de7a8de86ff093b4a06bfeb9d4be944b5168ae88"}}
{:ts "2026-08-13T23:00:26.210746559Z", :level :info, :message ":evidence-captured", :context {:type "dispute-raised", :hash "3cdb71134e297e589ca766a1219649960f1ffcee404dd1051748be2d2497fa8f"}}
{:ts "2026-08-13T23:00:26.256886208Z", :level :info, :message ":evidence-captured", :context {:type "escrow-refunded", :hash "e58da6d905214c82020ab37142133d1f8254892fbca2179ae7ce82f58f77a612"}}
{:ts "2026-08-13T23:00:26.277444846Z", :level :info, :message "scenario/end", :context {:id "s17-ieo-dispute-no-resolver-timeout", :outcome :pass, :ctx/scenario-id "s17-ieo-dispute-no-resolver-timeout", :ctx/run-id "s17-ieo-dispute-no-resolver-timeout-run"}}
{:ts "2026-08-13T23:00:26.278335652Z", :level :info, :message "scenario/start", :context {:id "s17-ieo-dispute-no-resolver-timeout", :ctx/scenario-id "s17-ieo-dispute-no-resolver-timeout", :ctx/run-id "s17-ieo-dispute-no-resolver-timeout-run"}}
{:ts "2026-08-13T23:00:26.293087746Z", :level :info, :message ":evidence-captured", :context {:type "escrow-created", :hash "a164ab3ed5a773520f78ba51cc37a90549bb9317551b92773e8fec518e789361"}}
{:ts "2026-08-13T23:00:26.323812140Z", :level :info, :message ":evidence-captured", :context {:type "dispute-raised", :hash "9ec6ce009ad4d92c68075b9aaa0f6b9d03ab2acf01d7045f2a5f8186f4da8184"}}
{:ts "2026-08-13T23:00:26.346672408Z", :level :debug, :message "Submitting resolution", :context {:caller "0xl0", :workflow-id 0}}
{:ts "2026-08-13T23:00:26.357602419Z", :level :info, :message ":evidence-captured", :context {:type "escrow-released", :hash "1c32065c489108c162ddb2669f07985499c982097a395f3c6253786b701acc51"}}
{:ts "2026-08-13T23:00:26.380869817Z", :level :info, :message "scenario/end", :context {:id "s18-dr3-kleros-l0-resolves", :outcome :pass, :ctx/scenario-id "s18-dr3-kleros-l0-resolves", :ctx/run-id "s18-dr3-kleros-l0-resolves-run"}}
{:ts "2026-08-13T23:00:26.381733181Z", :level :info, :message "scenario/start", :context {:id "s18-dr3-kleros-l0-resolves", :ctx/scenario-id "s18-dr3-kleros-l0-resolves", :ctx/run-id "s18-dr3-kleros-l0-resolves-run"}}
{:ts "2026-08-13T23:00:26.396943332Z", :level :info, :message ":evidence-captured", :context {:type "escrow-created", :hash "7cc42e1b6e19b495246014f8b279a4c094aef49f4aaaf513338a9045a11bfe9a"}}
{:ts "2026-08-13T23:00:26.430490014Z", :level :info, :message ":evidence-captured", :context {:type "dispute-raised", :hash "ab5cdc879e9da9cb8e31f75ead38684a8567b95e0e165c322fb95c9b5c57a644"}}
{:ts "2026-08-13T23:00:26.453873755Z", :level :debug, :message "guard/rejected", :context {:pending-exists false, :dispute-level 0, :workflow-id 0, :error :no-resolution-to-appeal, :ctx/scenario-id "s19-dr3-kleros-escalation-rejected-l0-resolves", :ctx/run-id "s19-dr3-kleros-escalation-rejected-l0-resolves-run", :ctx/event-index 2, :ctx/event-type "escalate_dispute"}}
{:ts "2026-08-13T23:00:26.456288952Z", :level :info, :message ":evidence-captured", :context {:type "guard-rejected", :hash "e17b7c9b4aec1a9816bad465c3c532c696c0b9412d18c33b13400323154792ba"}}
{:ts "2026-08-13T23:00:26.467670928Z", :level :debug, :message "Submitting resolution", :context {:caller "0xl0", :workflow-id 0}}
{:ts "2026-08-13T23:00:26.482353849Z", :level :info, :message ":evidence-captured", :context {:type "escrow-released", :hash "30c4e43bed0119cf7e54cf3a928502a54f2cdaaa4c24e6f5e4541f6928018d62"}}
{:ts "2026-08-13T23:00:26.522297417Z", :level :debug, :message "guard/rejected", :context {:escrow-state :released, :workflow-id 0, :error :transfer-not-in-dispute, :ctx/scenario-id "s19-dr3-kleros-escalation-rejected-l0-resolves", :ctx/run-id "s19-dr3-kleros-escalation-rejected-l0-resolves-run", :ctx/event-index 4, :ctx/event-type "execute_resolution"}}
{:ts "2026-08-13T23:00:26.524953305Z", :level :info, :message ":evidence-captured", :context {:type "guard-rejected", :hash "4212093e1d94355600a4a013244e74bc43cf08fb05917756b98b5a5714a8a2d3"}}
{:ts "2026-08-13T23:00:26.533073372Z", :level :info, :message "scenario/end", :context {:id "s19-dr3-kleros-escalation-rejected-l0-resolves", :outcome :pass, :ctx/scenario-id "s19-dr3-kleros-escalation-rejected-l0-resolves", :ctx/run-id "s19-dr3-kleros-escalation-rejected-l0-resolves-run"}}
{:ts "2026-08-13T23:00:26.535569365Z", :level :info, :message "scenario/start", :context {:id "s19-dr3-kleros-escalation-rejected-l0-resolves", :ctx/scenario-id "s19-dr3-kleros-escalation-rejected-l0-resolves", :ctx/run-id "s19-dr3-kleros-escalation-rejected-l0-resolves-run"}}
{:ts "2026-08-13T23:00:26.551780313Z", :level :info, :message ":evidence-captured", :context {:type "escrow-created", :hash "3eccab8115c84e58ec0c2f067ab5de7b6738b29b42c2c8a80789dbff2785a577"}}
{:ts "2026-08-13T23:00:26.585105861Z", :level :info, :message ":evidence-captured", :context {:type "dispute-raised", :hash "7064f49d9baaf0f26cfdee7b61582e1a7d0abefedaa16a452dea6b7467b9342c"}}
{:ts "2026-08-13T23:00:26.610890953Z", :level :debug, :message "guard/rejected", :context {:pending-exists false, :dispute-level 0, :workflow-id 0, :error :no-resolution-to-appeal, :ctx/scenario-id "s20-dr3-kleros-max-escalation-guard", :ctx/run-id "s20-dr3-kleros-max-escalation-guard-run", :ctx/event-index 2, :ctx/event-type "escalate_dispute"}}
{:ts "2026-08-13T23:00:26.614387732Z", :level :info, :message ":evidence-captured", :context {:type "guard-rejected", :hash "c15c000be528bbe7be1224be62fed214c8e1139620d348ab9ddfe03d0a9d06b2"}}
{:ts "2026-08-13T23:00:26.624584478Z", :level :debug, :message "guard/rejected", :context {:pending-exists false, :dispute-level 0, :workflow-id 0, :error :no-resolution-to-appeal, :ctx/scenario-id "s20-dr3-kleros-max-escalation-guard", :ctx/run-id "s20-dr3-kleros-max-escalation-guard-run", :ctx/event-index 3, :ctx/event-type "escalate_dispute"}}
{:ts "2026-08-13T23:00:26.627640563Z", :level :info, :message ":evidence-captured", :context {:type "guard-rejected", :hash "871815dc9b9ff520ad4c6f146a661484eb8a37c9af4994d5d634218871f3428f"}}
{:ts "2026-08-13T23:00:26.638909042Z", :level :debug, :message "guard/rejected", :context {:pending-exists false, :dispute-level 0, :workflow-id 0, :error :no-resolution-to-appeal, :ctx/scenario-id "s20-dr3-kleros-max-escalation-guard", :ctx/run-id "s20-dr3-kleros-max-escalation-guard-run", :ctx/event-index 4, :ctx/event-type "escalate_dispute"}}
{:ts "2026-08-13T23:00:26.641687045Z", :level :info, :message ":evidence-captured", :context {:type "guard-rejected", :hash "dc52780c0b54a19dd9e04dfb0668e2392248a75798a73a0f455acabde7e0ad34"}}
{:ts "2026-08-13T23:00:26.652674966Z", :level :debug, :message "guard/rejected", :context {:caller "0xl2", :dispute-level 0, :workflow-id 0, :error :not-authorized-resolver, :ctx/scenario-id "s20-dr3-kleros-max-escalation-guard", :ctx/run-id "s20-dr3-kleros-max-escalation-guard-run", :ctx/event-index 5, :ctx/event-type "execute_resolution"}}
{:ts "2026-08-13T23:00:26.655102958Z", :level :info, :message ":evidence-captured", :context {:type "guard-rejected", :hash "b2508b51a5e2e6c89ed6b71b1120e9dc0b975933637d2a6eaba2b3f4a2bca02e"}}
{:ts "2026-08-13T23:00:26.661204798Z", :level :info, :message "scenario/end", :context {:id "s20-dr3-kleros-max-escalation-guard", :outcome :pass, :ctx/scenario-id "s20-dr3-kleros-max-escalation-guard", :ctx/run-id "s20-dr3-kleros-max-escalation-guard-run"}}
{:ts "2026-08-13T23:00:26.661991646Z", :level :info, :message "scenario/start", :context {:id "s20-dr3-kleros-max-escalation-guard", :ctx/scenario-id "s20-dr3-kleros-max-escalation-guard", :ctx/run-id "s20-dr3-kleros-max-escalation-guard-run"}}
{:ts "2026-08-13T23:00:26.679538163Z", :level :info, :message ":evidence-captured", :context {:type "escrow-created", :hash "eb675ed45ad416f72b40b7ea92d6d2222eca464f0386c13eacfddbf02ef455fa"}}
{:ts "2026-08-13T23:00:26.711571456Z", :level :info, :message ":evidence-captured", :context {:type "dispute-raised", :hash "a6891056fffc62aa95bb84aac7b29f92b45432b60decf5d4cb6984dce1cb035e"}}
{:ts "2026-08-13T23:00:26.735433222Z", :level :debug, :message "Submitting resolution", :context {:caller "0xl0", :workflow-id 0}}
{:ts "2026-08-13T23:00:26.772766318Z", :level :info, :message ":evidence-captured", :context {:type "dispute-escalated", :hash "80302bcd6cc861433d3afcc41b5b33376b64ea1a25fe1539a53e9d4b0cf1f110"}}
{:ts "2026-08-13T23:00:26.802617901Z", :level :debug, :message "Submitting resolution", :context {:caller "0xl1", :workflow-id 0}}
{:ts "2026-08-13T23:00:26.842021043Z", :level :info, :message ":evidence-captured", :context {:type "escrow-released", :hash "b58a9d2429661f6a4525ba5d4a15c212a59302cc26535357514896ebe1fa6a89"}}
{:ts "2026-08-13T23:00:26.871344484Z", :level :info, :message "scenario/end", :context {:id "s21-dr3-kleros-pending-cleared-on-escalation", :outcome :pass, :ctx/scenario-id "s21-dr3-kleros-pending-cleared-on-escalation", :ctx/run-id "s21-dr3-kleros-pending-cleared-on-escalation-run"}}
{:ts "2026-08-13T23:00:26.872301006Z", :level :info, :message "scenario/start", :context {:id "s21-dr3-kleros-pending-cleared-on-escalation", :ctx/scenario-id "s21-dr3-kleros-pending-cleared-on-escalation", :ctx/run-id "s21-dr3-kleros-pending-cleared-on-escalation-run"}}
{:ts "2026-08-13T23:00:26.888968950Z", :level :info, :message ":evidence-captured", :context {:type "escrow-created", :hash "4ab06d0495e946971cf00658caeb5931d42e848364c66d6fb8b4a0a5b9bb92ee"}}
{:ts "2026-08-13T23:00:26.946598242Z", :level :info, :message ":evidence-captured", :context {:type "dispute-raised", :hash "b7a65f51e65bfb46d11d3db077e0a445ed12cf1373b5f3acd2fdaac59ab6f3b0"}}
{:ts "2026-08-13T23:00:26.969944190Z", :level :info, :message "scenario/end", :context {:id "s22-status-leak-agree-cancel-over-dispute", :outcome :pass, :ctx/scenario-id "s22-status-leak-agree-cancel-over-dispute", :ctx/run-id "s22-status-leak-agree-cancel-over-dispute-run"}}
{:ts "2026-08-13T23:00:26.970801943Z", :level :info, :message "scenario/start", :context {:id "s22-status-leak-agree-cancel-over-dispute", :ctx/scenario-id "s22-status-leak-agree-cancel-over-dispute", :ctx/run-id "s22-status-leak-agree-cancel-over-dispute-run"}}
{:ts "2026-08-13T23:00:26.988300970Z", :level :info, :message ":evidence-captured", :context {:type "escrow-created", :hash "a00a5fb3c21594cafddc83b8ece78688429e4c230d9c8e248af19106ab62a112"}}
{:ts "2026-08-13T23:00:27.026215660Z", :level :info, :message ":evidence-captured", :context {:type "dispute-raised", :hash "c1b2e1240edf44c5b6a6e9af6044e14a339a5b2e72d2db0ee75e1604b20b9e04"}}
{:ts "2026-08-13T23:00:27.053717330Z", :level :debug, :message "guard/rejected", :context {:pending-exists false, :dispute-level 0, :workflow-id 0, :error :no-resolution-to-appeal, :ctx/scenario-id "s23-preemptive-escalation-blocked", :ctx/run-id "s23-preemptive-escalation-blocked-run", :ctx/event-index 2, :ctx/event-type "escalate_dispute"}}
{:ts "2026-08-13T23:00:27.056222360Z", :level :info, :message ":evidence-captured", :context {:type "guard-rejected", :hash "89ea2fb5a81b93fa03e3c786a6808b91d34fca0df61ccda0cfcd6008600d9e84"}}
{:ts "2026-08-13T23:00:27.067340701Z", :level :debug, :message "Submitting resolution", :context {:caller "0xl0", :workflow-id 0}}
{:ts "2026-08-13T23:00:27.080867387Z", :level :info, :message ":evidence-captured", :context {:type "escrow-released", :hash "2d8a3911d05b8a1597feea205594661481e65a30c046cb0016f173b6b401fb56"}}
{:ts "2026-08-13T23:00:27.108755868Z", :level :debug, :message "guard/rejected", :context {:escrow-state :released, :workflow-id 0, :error :transfer-not-in-dispute, :ctx/scenario-id "s23-preemptive-escalation-blocked", :ctx/run-id "s23-preemptive-escalation-blocked-run", :ctx/event-index 4, :ctx/event-type "escalate_dispute"}}
{:ts "2026-08-13T23:00:27.111319570Z", :level :info, :message ":evidence-captured", :context {:type "guard-rejected", :hash "6098e2fdc6c7093daecbd366fef86682dbbef1276b84c4c791572eb90f3f1a1f"}}
{:ts "2026-08-13T23:00:27.120126814Z", :level :info, :message "scenario/end", :context {:id "s23-preemptive-escalation-blocked", :outcome :pass, :ctx/scenario-id "s23-preemptive-escalation-blocked", :ctx/run-id "s23-preemptive-escalation-blocked-run"}}
{:ts "2026-08-13T23:00:27.121344447Z", :level :info, :message "scenario/start", :context {:id "s23-preemptive-escalation-blocked", :ctx/scenario-id "s23-preemptive-escalation-blocked", :ctx/run-id "s23-preemptive-escalation-blocked-run"}}
{:ts "2026-08-13T23:00:27.136373240Z", :level :info, :message ":evidence-captured", :context {:type "stake-registered", :hash "e40865595ccf254bab71d86b78a6911517e4f94c300142ce8a254abb42d025ec"}}
{:ts "2026-08-13T23:00:27.159931876Z", :level :info, :message ":evidence-captured", :context {:type "escrow-created", :hash "c4f880b7cf7684ebac1585e1c51ecf294ec2d3cb41cd9bfebac5e28c86ba3f8b"}}
{:ts "2026-08-13T23:00:27.205931075Z", :level :info, :message ":evidence-captured", :context {:type "escrow-created", :hash "b94a12f2867db3a3f4495a17c7fe4c7cd7a03ca42a429101dc5cd276da97b7b5"}}
{:ts "2026-08-13T23:00:27.249217568Z", :level :info, :message ":evidence-captured", :context {:type "escrow-created", :hash "30edd2433727f7fb4436f47f3efa18e245597fbacb3511c29d8ffbc5aa109672"}}
{:ts "2026-08-13T23:00:27.291612442Z", :level :info, :message ":evidence-captured", :context {:type "dispute-raised", :hash "712b6aee057d4de3edaa31f3da5b9e65193ad2cf28e00d0042b67f66886cba53"}}
{:ts "2026-08-13T23:00:27.342770545Z", :level :info, :message ":evidence-captured", :context {:type "dispute-raised", :hash "9e583e6f4a9af182aa800d92f75efa89ca86733cd160c9d3ee867ee8356108e2"}}
{:ts "2026-08-13T23:00:27.391590359Z", :level :info, :message ":evidence-captured", :context {:type "dispute-raised", :hash "ab4f39ec59042ca33080543e98af6f8ae347f4b78ce72b33703af2be0bed751e"}}
{:ts "2026-08-13T23:00:27.455321140Z", :level :info, :message ":evidence-captured", :context {:type "escrow-refunded", :hash "d659285c6c27b8d455c151e5cef10951c31c998517b02cc1778e4c4600ac3be1"}}
{:ts "2026-08-13T23:00:27.504219704Z", :level :info, :message ":evidence-captured", :context {:type "slashing", :hash "1d129f05b24c44d389a341d8f633c6909549d6fc30e15bc287de8e2aaf654c91"}}
{:ts "2026-08-13T23:00:27.552021497Z", :level :info, :message ":evidence-captured", :context {:type "escrow-refunded", :hash "c9fc8b3ea5dcaf582b12e3aff809350a16e18955c5b27365fef166e5d4e4fa83"}}
{:ts "2026-08-13T23:00:27.590428040Z", :level :info, :message ":evidence-captured", :context {:type "slashing", :hash "dd205bec6f3c1872d3ae2f6d3fa744245fe28e3ada0d3daf088875d1dbc58692"}}
{:ts "2026-08-13T23:00:27.649382010Z", :level :info, :message ":evidence-captured", :context {:type "escrow-refunded", :hash "ecd1a5fb555620ad50e4eddda58dc7c9fcb08c8711211621b6b0fbda8f17c04c"}}
{:ts "2026-08-13T23:00:27.697911216Z", :level :info, :message ":evidence-captured", :context {:type "slashing", :hash "c4df94f2eaac5b7583d64ee7c8e42bc45841a0c83530865c309797d7ccd360c7"}}
{:ts "2026-08-13T23:00:27.732606779Z", :level :info, :message "scenario/end", :context {:id "s24-resolver-stake-depletion-cascade", :outcome :pass, :ctx/scenario-id "s24-resolver-stake-depletion-cascade", :ctx/run-id "s24-resolver-stake-depletion-cascade-run"}}
{:ts "2026-08-13T23:00:27.733486595Z", :level :info, :message "scenario/start", :context {:id "s24-resolver-stake-depletion-cascade", :ctx/scenario-id "s24-resolver-stake-depletion-cascade", :ctx/run-id "s24-resolver-stake-depletion-cascade-run"}}
{:ts "2026-08-13T23:00:27.748056279Z", :level :info, :message ":evidence-captured", :context {:type "escrow-created", :hash "f153a054b8caf80eeebb317d72eec5992aa088b5260d0a0d7779060947fee1a6"}}
{:ts "2026-08-13T23:00:27.777541960Z", :level :info, :message ":evidence-captured", :context {:type "dispute-raised", :hash "410e55c4d18c58993e992267792fe90378099dd45c2502ff995f0bfbedd1ad59"}}
{:ts "2026-08-13T23:00:27.797013476Z", :level :debug, :message "Submitting resolution", :context {:caller "0xresolver", :workflow-id 0}}
{:ts "2026-08-13T23:00:27.834122923Z", :level :info, :message ":evidence-captured", :context {:type "fraud-slash-rejected", :hash "2ea7ca3e2b145f453d01755411b1df92a0dd4214b41ac4a9ee189c0b2b949a5f"}}
{:ts "2026-08-13T23:00:27.855766711Z", :level :debug, :message "Resolving appeal", :context {:appeal-upheld? true, :workflow-id 0, :slash-id 0}}
{:ts "2026-08-13T23:00:27.887355301Z", :level :info, :message ":evidence-captured", :context {:type "escrow-released", :hash "7bb161de0e7a91e24ed553b57b800b54c54f77e53a48a37dafa6166689878774"}}
{:ts "2026-08-13T23:00:27.908924034Z", :level :info, :message "scenario/end", :context {:id "s25-profit-maximizer-slash-lifecycle", :outcome :pass, :ctx/scenario-id "s25-profit-maximizer-slash-lifecycle", :ctx/run-id "s25-profit-maximizer-slash-lifecycle-run"}}
{:ts "2026-08-13T23:00:27.909943437Z", :level :info, :message "scenario/start", :context {:id "s25-profit-maximizer-slash-lifecycle", :ctx/scenario-id "s25-profit-maximizer-slash-lifecycle", :ctx/run-id "s25-profit-maximizer-slash-lifecycle-run"}}
{:ts "2026-08-13T23:00:27.926870638Z", :level :info, :message ":evidence-captured", :context {:type "stake-registered", :hash "1190f223f110c74e7885760a38ea30b910255a36667016c0d3854b51618b184a"}}
{:ts "2026-08-13T23:00:27.951545392Z", :level :info, :message ":evidence-captured", :context {:type "escrow-created", :hash "2bd2d8604f5a66aea2bea90672a968e54a6c7ba0f0c725b3d796a2c6a186823a"}}
{:ts "2026-08-13T23:00:27.981208884Z", :level :info, :message ":evidence-captured", :context {:type "dispute-raised", :hash "c8ef5d95d7671407e210e054c230b851526ab3d43c5dcd5f174e86a3cff3d5f3"}}
{:ts "2026-08-13T23:00:28.003858949Z", :level :debug, :message "Submitting resolution", :context {:caller "0xresolver", :workflow-id 0}}
{:ts "2026-08-13T23:00:28.036345059Z", :level :info, :message ":evidence-captured", :context {:type "fraud-slash-proposed", :hash "27245df3df28b30c4a6a05d8b753ad7a106e3fc84120477419cc704363c2e5cf"}}
{:ts "2026-08-13T23:00:28.036815501Z", :level :debug, :message "handle-fraud-slashing", :context {:now 1130, :appeal-window 120, :ctx/scenario-id "s34-profit-maximizer-unchallenged-slash", :ctx/run-id "s34-profit-maximizer-unchallenged-slash-run", :ctx/event-index 4, :ctx/event-type "propose_fraud_slash"}}
{:ts "2026-08-13T23:00:28.075351191Z", :level :info, :message ":evidence-captured", :context {:type "escrow-released", :hash "ce924b2c50343fac6e4d824e238ce0be82ed0afcc27af925973e7f2e70dc81e5"}}
{:ts "2026-08-13T23:00:28.142400520Z", :level :info, :message ":evidence-captured", :context {:type "slashing", :hash "63e2961a3d71fefc71b65d82dd1ff78124498055108d4e789c9130fd2e741622"}}
{:ts "2026-08-13T23:00:28.156678415Z", :level :info, :message ":evidence-captured", :context {:type "resolver-unavailability-changed", :hash "c82e537536dcad584345a18d2ae5ec78dd1437796c5b4f9bd44c2284a33669a0"}}
{:ts "2026-08-13T23:00:28.250792217Z", :level :info, :message ":evidence-captured", :context {:type :slash/prorata-allocation, :hash "bdb070ce0942343eee87f4db25e6a5c8b2b1efe6dc4e6ef1c0755e60c5f45779"}}
Wrote allocation result artifact: allocation-result-allocation-pro-rata-1053b493b71f5076-76e248d4ec55898a.json
{:ts "2026-08-13T23:00:28.273229324Z", :level :info, :message ":evidence-captured", :context {:type "resolver-frozen", :hash "44c3af41e5669b8dd29ef62cfe510af83e6bed4f049ed5bbab614e93f0921a5f"}}
{:ts "2026-08-13T23:00:28.304955217Z", :level :info, :message "scenario/end", :context {:id "s34-profit-maximizer-unchallenged-slash", :outcome :pass, :ctx/scenario-id "s34-profit-maximizer-unchallenged-slash", :ctx/run-id "s34-profit-maximizer-unchallenged-slash-run"}}
{:ts "2026-08-13T23:00:28.305909376Z", :level :info, :message "scenario/start", :context {:id "s34-profit-maximizer-unchallenged-slash", :ctx/scenario-id "s34-profit-maximizer-unchallenged-slash", :ctx/run-id "s34-profit-maximizer-unchallenged-slash-run"}}
{:ts "2026-08-13T23:00:28.318828036Z", :level :info, :message ":evidence-captured", :context {:type "stake-registered", :hash "99ebb1c422cf74c7bc3726a8f3e129e2717d4df24b945c38db64f42e70b500be"}}
{:ts "2026-08-13T23:00:28.346981726Z", :level :info, :message ":evidence-captured", :context {:type "escrow-created", :hash "22280d160d2290084cb34243a5d58758ac616e3b1d089ee9af8623cdc8a3004f"}}
{:ts "2026-08-13T23:00:28.381933890Z", :level :info, :message ":evidence-captured", :context {:type "dispute-raised", :hash "a315bd2528f1f8be18ab9247b5272229584af11eeffe980cebcf2fcf4369005b"}}
{:ts "2026-08-13T23:00:28.408009228Z", :level :debug, :message "Submitting resolution", :context {:caller "0xresolver", :workflow-id 0}}
{:ts "2026-08-13T23:00:28.445910773Z", :level :info, :message ":evidence-captured", :context {:type "fraud-slash-proposed", :hash "80e6669e2084ab04b64aa877be6e630cd09c990da2cbf26c8963542bca781ed8"}}
{:ts "2026-08-13T23:00:28.446664156Z", :level :debug, :message "handle-fraud-slashing", :context {:now 1130, :appeal-window 120, :ctx/scenario-id "s35-profit-maximizer-governance-wins-appeal", :ctx/run-id "s35-profit-maximizer-governance-wins-appeal-run", :ctx/event-index 4, :ctx/event-type "propose_fraud_slash"}}
{:ts "2026-08-13T23:00:28.486435715Z", :level :debug, :message "Resolving appeal", :context {:appeal-upheld? false, :workflow-id 0, :slash-id 0}}
{:ts "2026-08-13T23:00:28.519018600Z", :level :info, :message ":evidence-captured", :context {:type "escrow-released", :hash "22ae7f09ad9e8e9b7396caefdbd9f9e043af54e3bb1f8b745c6049d003a69722"}}
{:ts "2026-08-13T23:00:28.588849038Z", :level :info, :message ":evidence-captured", :context {:type "slashing", :hash "fea6f7878e48544cf253806f5440d88658dbf10228bf0d58096aa1f6fdd7e98c"}}
{:ts "2026-08-13T23:00:28.604477400Z", :level :info, :message ":evidence-captured", :context {:type "resolver-unavailability-changed", :hash "4d09e1acfc3733cc2a7215bfbe62f63c1525fe66f912a35e5d42d4f3abeace9a"}}
{:ts "2026-08-13T23:00:28.670296682Z", :level :info, :message ":evidence-captured", :context {:type :slash/prorata-allocation, :hash "a72b9fd262fa3f037f4040733911d81e470683f6717b15b8194a13c2c9ac355d"}}
Wrote allocation result artifact: allocation-result-allocation-pro-rata-0856f97a76e4d964-deaa5a5a3b1881ca.json
{:ts "2026-08-13T23:00:28.685977195Z", :level :info, :message ":evidence-captured", :context {:type "resolver-frozen", :hash "ec1726fea5cb2749990a35a3862bfc51acc3e7ec10f6ef6d50bf6172ec32f6e1"}}
{:ts "2026-08-13T23:00:28.712849499Z", :level :info, :message "scenario/end", :context {:id "s35-profit-maximizer-governance-wins-appeal", :outcome :pass, :ctx/scenario-id "s35-profit-maximizer-governance-wins-appeal", :ctx/run-id "s35-profit-maximizer-governance-wins-appeal-run"}}
{:ts "2026-08-13T23:00:28.714008469Z", :level :info, :message "scenario/start", :context {:id "s35-profit-maximizer-governance-wins-appeal", :ctx/scenario-id "s35-profit-maximizer-governance-wins-appeal", :ctx/run-id "s35-profit-maximizer-governance-wins-appeal-run"}}
{:ts "2026-08-13T23:00:28.725545804Z", :level :info, :message ":evidence-captured", :context {:type "stake-registered", :hash "6ec3a8a93466999322e33b4f40d6c5892b9a02725c490b0e24bb6d038bcdbac7"}}
{:ts "2026-08-13T23:00:28.749536888Z", :level :info, :message ":evidence-captured", :context {:type "escrow-created", :hash "bcb907671d8952b3df13e7c61e1196ee519ed790a43cba13afc5f2560ee73f98"}}
{:ts "2026-08-13T23:00:28.778090634Z", :level :info, :message ":evidence-captured", :context {:type "dispute-raised", :hash "115496677cc9447963a6932285d2f296f30f911e3bcc4b199e686ee255c610ca"}}
{:ts "2026-08-13T23:00:28.807993976Z", :level :debug, :message "Submitting resolution", :context {:caller "0xresolver", :workflow-id 0}}
{:ts "2026-08-13T23:00:28.842867449Z", :level :info, :message ":evidence-captured", :context {:type "fraud-slash-proposed", :hash "aa488924f0484687daeaba4e29cedfd1d87ae096d8b4809a1a5a57da614f3f73"}}
{:ts "2026-08-13T23:00:28.843500001Z", :level :debug, :message "handle-fraud-slashing", :context {:now 1130, :appeal-window 120, :ctx/scenario-id "s36-profit-maximizer-pre-window-execute-rejected", :ctx/run-id "s36-profit-maximizer-pre-window-execute-rejected-run", :ctx/event-index 4, :ctx/event-type "propose_fraud_slash"}}
{:ts "2026-08-13T23:00:28.888872370Z", :level :info, :message ":evidence-captured", :context {:type "escrow-released", :hash "22ab2d5bbf6f54f550934d54c7127b467a4c4137156c6e7a3697e572a3b0fdf8"}}
{:ts "2026-08-13T23:00:28.955456017Z", :level :info, :message ":evidence-captured", :context {:type "slashing", :hash "46c40583705d1a1a537c0f3fac5d666fa163a5faa74fa81244bbee7dff53161f"}}
{:ts "2026-08-13T23:00:28.969961959Z", :level :info, :message ":evidence-captured", :context {:type "resolver-unavailability-changed", :hash "74df264d9595d6ab29aa7e7215cb1ab9d7e25363992e20fcc3692bd7ed3bfb4c"}}
{:ts "2026-08-13T23:00:29.035431281Z", :level :info, :message ":evidence-captured", :context {:type :slash/prorata-allocation, :hash "e704a3ab324a8f7c9c5b95e5d5a0aeb675067a9d44bfc799e93f979c1bde9477"}}
Wrote allocation result artifact: allocation-result-allocation-pro-rata-c588e82f3a183be4-362466a9ac7a2263.json
{:ts "2026-08-13T23:00:29.050243640Z", :level :info, :message ":evidence-captured", :context {:type "resolver-frozen", :hash "438b059a258ae6cf84a52a745efc5d96b1145e851281263a71ef3df89e1cfd5b"}}
{:ts "2026-08-13T23:00:29.077441408Z", :level :info, :message "scenario/end", :context {:id "s36-profit-maximizer-pre-window-execute-rejected", :outcome :pass, :ctx/scenario-id "s36-profit-maximizer-pre-window-execute-rejected", :ctx/run-id "s36-profit-maximizer-pre-window-execute-rejected-run"}}
{:ts "2026-08-13T23:00:29.078529262Z", :level :info, :message "scenario/start", :context {:id "s36-profit-maximizer-pre-window-execute-rejected", :ctx/scenario-id "s36-profit-maximizer-pre-window-execute-rejected", :ctx/run-id "s36-profit-maximizer-pre-window-execute-rejected-run"}}
{:ts "2026-08-13T23:00:29.090106002Z", :level :info, :message ":evidence-captured", :context {:type "stake-registered", :hash "89fd9a4681f59a2741d13996a3bacc33f3802cd9b47c7ff537f289c6a35205ec"}}
{:ts "2026-08-13T23:00:29.114382002Z", :level :info, :message ":evidence-captured", :context {:type "stake-registered", :hash "43441ded72d896adfea8233c6a40fdf612686304974af578cdd9975d87d60008"}}
{:ts "2026-08-13T23:00:29.139704888Z", :level :info, :message ":evidence-captured", :context {:type "escrow-created", :hash "d00099849ec7f2286fbf1bd05a0fc28972bdb6ce3baae7156ab35b57a5ec889f"}}
{:ts "2026-08-13T23:00:29.173943225Z", :level :info, :message ":evidence-captured", :context {:type "escrow-created", :hash "cba160900d8569796d6f95794a2f5f07dae15b3a06b9c53502fe30d80c0300a1"}}
{:ts "2026-08-13T23:00:29.211506853Z", :level :info, :message ":evidence-captured", :context {:type "dispute-raised", :hash "cae98f488719e7aab83417142cdf204d15b07e74568d2ff07e05e78cc7292ae8"}}
{:ts "2026-08-13T23:00:29.251105550Z", :level :info, :message ":evidence-captured", :context {:type "dispute-raised", :hash "85801c86653ec2f051bd51ff74cb405630ba17b7d76940ea64431b1421ac140b"}}
{:ts "2026-08-13T23:00:29.276366126Z", :level :debug, :message "Submitting resolution", :context {:caller "0xresolver0", :workflow-id 0}}
{:ts "2026-08-13T23:00:29.304674011Z", :level :debug, :message "Submitting resolution", :context {:caller "0xresolver1", :workflow-id 1}}
{:ts "2026-08-13T23:00:29.357378858Z", :level :info, :message ":evidence-captured", :context {:type "fraud-slash-proposed", :hash "75acd798242860978b239987c18de59f3e27b9411dfcef170253e2686f622fb2"}}
{:ts "2026-08-13T23:00:29.357773965Z", :level :debug, :message "handle-fraud-slashing", :context {:now 1130, :appeal-window 120, :ctx/scenario-id "s37-profit-maximizer-two-resolver-split-outcomes", :ctx/run-id "s37-profit-maximizer-two-resolver-split-outcomes-run", :ctx/event-index 8, :ctx/event-type "propose_fraud_slash"}}
{:ts "2026-08-13T23:00:29.408532012Z", :level :info, :message ":evidence-captured", :context {:type "fraud-slash-proposed", :hash "fb16cae28ea245151f9f98fffaa91e9d1834e0163da0a7d4cd5393664d0c6c9d"}}
{:ts "2026-08-13T23:00:29.409073740Z", :level :debug, :message "handle-fraud-slashing", :context {:now 1130, :appeal-window 120, :ctx/scenario-id "s37-profit-maximizer-two-resolver-split-outcomes", :ctx/run-id "s37-profit-maximizer-two-resolver-split-outcomes-run", :ctx/event-index 9, :ctx/event-type "propose_fraud_slash"}}
{:ts "2026-08-13T23:00:29.463092995Z", :level :debug, :message "Resolving appeal", :context {:appeal-upheld? true, :workflow-id 0, :slash-id 0}}
{:ts "2026-08-13T23:00:29.497601810Z", :level :info, :message ":evidence-captured", :context {:type "escrow-released", :hash "35b2bc47e72113b65ac6931bd55ecf96c1178c70be3c7153860b998720d3f011"}}
{:ts "2026-08-13T23:00:29.555812706Z", :level :info, :message ":evidence-captured", :context {:type "escrow-released", :hash "196b0688f75cae7a364eeadee68b504af557c4df70ac1681f3800688c81f5664"}}
{:ts "2026-08-13T23:00:29.645260047Z", :level :info, :message ":evidence-captured", :context {:type "slashing", :hash "cb199321e87ddf5c51155e1fe3add1f73858aca249219fd5a8880635d2cbeffc"}}
{:ts "2026-08-13T23:00:29.663565278Z", :level :info, :message ":evidence-captured", :context {:type "resolver-unavailability-changed", :hash "a316c576b8b0cce1c7a92cc298589bfdcfd04c7ff387a529c85d5e49021b927c"}}
{:ts "2026-08-13T23:00:29.727289286Z", :level :info, :message ":evidence-captured", :context {:type :slash/prorata-allocation, :hash "e0e2e0ef0c822bbed3f93d5308ea845dcb3c983211f51413ef6eb4d8e71805e3"}}
Wrote allocation result artifact: allocation-result-allocation-pro-rata-2d00fe7e56e5f2d4-743cc1a643eba158.json
{:ts "2026-08-13T23:00:29.745966460Z", :level :info, :message ":evidence-captured", :context {:type "resolver-frozen", :hash "edbffa154c7191aca059b83756cd50d6659f418a81a18a10ce2f5d888cc7e5c3"}}
{:ts "2026-08-13T23:00:29.887577061Z", :level :info, :message ":evidence-captured", :context {:type "slashing", :hash "bf2064a58b37043e94e8044eefa1a8232e37824273920187a381440ffc6223be"}}
{:ts "2026-08-13T23:00:29.909991915Z", :level :info, :message ":evidence-captured", :context {:type "resolver-unavailability-changed", :hash "896d0a3b171a5865d85eb7d23064583be9b07e6c3cba639b3e157f1ce3f408cd"}}
{:ts "2026-08-13T23:00:29.981958896Z", :level :info, :message ":evidence-captured", :context {:type :slash/prorata-allocation, :hash "8ca2cfc592e60142f3ae564846305bd9d02eb8755389ecc378a62bdb26b76b34"}}
Wrote allocation result artifact: allocation-result-allocation-pro-rata-c54541724ffeb2cb-ac344e693e006241.json
{:ts "2026-08-13T23:00:30.003780885Z", :level :info, :message ":evidence-captured", :context {:type "resolver-frozen", :hash "b1a9795e401250296a77109656be1f06ec1f46bfc74b7d3a0401721dab3a29b2"}}
{:ts "2026-08-13T23:00:30.047078558Z", :level :info, :message "scenario/end", :context {:id "s37-profit-maximizer-two-resolver-split-outcomes", :outcome :pass, :ctx/scenario-id "s37-profit-maximizer-two-resolver-split-outcomes", :ctx/run-id "s37-profit-maximizer-two-resolver-split-outcomes-run"}}
{:ts "2026-08-13T23:00:30.048422784Z", :level :info, :message "scenario/start", :context {:id "s37-profit-maximizer-two-resolver-split-outcomes", :ctx/scenario-id "s37-profit-maximizer-two-resolver-split-outcomes", :ctx/run-id "s37-profit-maximizer-two-resolver-split-outcomes-run"}}
{:ts "2026-08-13T23:00:30.060960334Z", :level :info, :message ":evidence-captured", :context {:type "stake-registered", :hash "e274ce6ecfdad5d4ecbb6fe19101716a72e6e79457e84703f5ac56d08070beb9"}}
{:ts "2026-08-13T23:00:30.104399058Z", :level :info, :message ":evidence-captured", :context {:type "escrow-created", :hash "ab39a0cd7e8f1b6c310a3371a03ff9411836ebdbf32c9588c6383be98944b85c"}}
{:ts "2026-08-13T23:00:30.139785435Z", :level :info, :message ":evidence-captured", :context {:type "dispute-raised", :hash "ac2f2801b4f8afbe388a2d9928d0b350f6761ed3f7df8e9ea262901b298ea8ca"}}
{:ts "2026-08-13T23:00:30.167832740Z", :level :debug, :message "Submitting resolution", :context {:caller "0xresolver", :workflow-id 0}}
{:ts "2026-08-13T23:00:30.208562003Z", :level :info, :message ":evidence-captured", :context {:type "escrow-released", :hash "5cd43f73ba3788ea4e4faa05163dbf3ccdc6e85f0703b1d815c9af240a10445a"}}
{:ts "2026-08-13T23:00:30.234200915Z", :level :info, :message "scenario/end", :context {:id "s38-dr3-bond-mix-valid", :outcome :pass, :ctx/scenario-id "s38-dr3-bond-mix-valid", :ctx/run-id "s38-dr3-bond-mix-valid-run"}}
{:ts "2026-08-13T23:00:30.234988273Z", :level :info, :message "scenario/start", :context {:id "s38-dr3-bond-mix-valid", :ctx/scenario-id "s38-dr3-bond-mix-valid", :ctx/run-id "s38-dr3-bond-mix-valid-run"}}
{:ts "2026-08-13T23:00:30.265202781Z", :level :info, :message "scenario/end", :context {:id "s39-dr3-senior-coverage-delegation", :outcome :pass, :ctx/scenario-id "s39-dr3-senior-coverage-delegation", :ctx/run-id "s39-dr3-senior-coverage-delegation-run"}}
{:ts "2026-08-13T23:00:30.265999768Z", :level :info, :message "scenario/start", :context {:id "s39-dr3-senior-coverage-delegation", :ctx/scenario-id "s39-dr3-senior-coverage-delegation", :ctx/run-id "s39-dr3-senior-coverage-delegation-run"}}
{:ts "2026-08-13T23:00:30.278937866Z", :level :info, :message ":evidence-captured", :context {:type "stake-registered", :hash "622ec08a347bccf21d2e8eb2e5275fd825ec2537d5f4fede715b3bfb175ced15"}}
{:ts "2026-08-13T23:00:30.306709684Z", :level :info, :message ":evidence-captured", :context {:type "escrow-created", :hash "6ecbe766b5324cb2fcc146a03bb11a8ba3ed1fa91e8e7a76ba7f741e6995417e"}}
{:ts "2026-08-13T23:00:30.345092311Z", :level :info, :message ":evidence-captured", :context {:type "dispute-raised", :hash "aff0782eb631274b280e1a0c048d59f2dac9aff4251fa1437a5429f9515a6f92"}}
{:ts "2026-08-13T23:00:30.372647654Z", :level :debug, :message "Submitting resolution", :context {:caller "0xresolver", :workflow-id 0}}
{:ts "2026-08-13T23:00:30.410552034Z", :level :info, :message ":evidence-captured", :context {:type "fraud-slash-proposed", :hash "8ab43d3bd2cf85574adaa35b30d3f5434553ab72ac5a6c5479a9e71c1a02e17d"}}
{:ts "2026-08-13T23:00:30.411066019Z", :level :debug, :message "handle-fraud-slashing", :context {:now 1130, :appeal-window 120, :ctx/scenario-id "s40-dr3-freeze-post-slash", :ctx/run-id "s40-dr3-freeze-post-slash-run", :ctx/event-index 4, :ctx/event-type "propose_fraud_slash"}}
{:ts "2026-08-13T23:00:30.472168595Z", :level :info, :message ":evidence-captured", :context {:type "escrow-released", :hash "00127b86eae3f7220099adc69c33e1157b67dafe0a3e6b535739233cde99af69"}}
{:ts "2026-08-13T23:00:30.546139866Z", :level :info, :message ":evidence-captured", :context {:type "slashing", :hash "60738cd79da857420ac7935b458a32f8e6711bb81b4e5258ed907aef8083ae21"}}
{:ts "2026-08-13T23:00:30.564218703Z", :level :info, :message ":evidence-captured", :context {:type "resolver-unavailability-changed", :hash "8ea82038e625af91d1607eec17418d7eb8ceb9f4cf155db4f6c45fd4026afe8c"}}
{:ts "2026-08-13T23:00:30.630721906Z", :level :info, :message ":evidence-captured", :context {:type :slash/prorata-allocation, :hash "9e4247f867776ed7ecf82b60127140caa5d23182b46d1d5b87f57678e0c2f014"}}
Wrote allocation result artifact: allocation-result-allocation-pro-rata-8b9b080c7324932a-85e086b856724ce4.json
{:ts "2026-08-13T23:00:30.647520009Z", :level :info, :message ":evidence-captured", :context {:type "resolver-frozen", :hash "97c8b5960ac229e06aa45e66f86131f0231b4168e5ebb3362b0882b601035c31"}}
{:ts "2026-08-13T23:00:30.676028929Z", :level :info, :message "scenario/end", :context {:id "s40-dr3-freeze-post-slash", :outcome :pass, :ctx/scenario-id "s40-dr3-freeze-post-slash", :ctx/run-id "s40-dr3-freeze-post-slash-run"}}
{:ts "2026-08-13T23:00:30.676948782Z", :level :info, :message "scenario/start", :context {:id "s40-dr3-freeze-post-slash", :ctx/scenario-id "s40-dr3-freeze-post-slash", :ctx/run-id "s40-dr3-freeze-post-slash-run"}}
{:ts "2026-08-13T23:00:30.696419616Z", :level :info, :message ":evidence-captured", :context {:type "escrow-created", :hash "731c1bde26a7fde2a1bc55b64f91bcf11bad2c0284179f5af46d9dad1fe96e5f"}}
{:ts "2026-08-13T23:00:30.733055526Z", :level :info, :message ":evidence-captured", :context {:type "dispute-raised", :hash "375730ad42747d38d3d54702f0756077d20d9dd198f8b2034b5f64527a33091e"}}
{:ts "2026-08-13T23:00:30.756624953Z", :level :debug, :message "Submitting resolution", :context {:caller "0xl0", :workflow-id 0}}
{:ts "2026-08-13T23:00:30.799068099Z", :level :info, :message ":evidence-captured", :context {:type "resolution-challenged", :hash "355a5acac206cb351065bd2c93625b1432b105c7c84df5082b86ebfaf796c4dc"}}
{:ts "2026-08-13T23:00:30.829256206Z", :level :debug, :message "Submitting resolution", :context {:caller "0xl1", :workflow-id 0}}
{:ts "2026-08-13T23:00:30.870847571Z", :level :info, :message ":evidence-captured", :context {:type "escrow-refunded", :hash "71b8024a697c0e808799d8e002daaa944cfbd12d5a1fe240308d3b49e36df72d"}}
{:ts "2026-08-13T23:00:30.895305169Z", :level :info, :message "scenario/end", :context {:id "s41-dr3-reversal-slash-disabled", :outcome :pass, :ctx/scenario-id "s41-dr3-reversal-slash-disabled", :ctx/run-id "s41-dr3-reversal-slash-disabled-run"}}
{:ts "2026-08-13T23:00:30.896107476Z", :level :info, :message "scenario/start", :context {:id "s41-dr3-reversal-slash-disabled", :ctx/scenario-id "s41-dr3-reversal-slash-disabled", :ctx/run-id "s41-dr3-reversal-slash-disabled-run"}}
{:ts "2026-08-13T23:00:30.911332556Z", :level :info, :message ":evidence-captured", :context {:type "escrow-created", :hash "ca277ace030e07d9fb0820289db80d9731da021a57924b29ca480599cf950a4f"}}
{:ts "2026-08-13T23:00:30.942566397Z", :level :info, :message ":evidence-captured", :context {:type "dispute-raised", :hash "4c088c5c549e627bc18a3463e2be1c66d4d9082d8372cc4c875987540b3ba72f"}}
{:ts "2026-08-13T23:00:30.968176292Z", :level :debug, :message "Submitting resolution", :context {:caller "0xl0", :workflow-id 0}}
{:ts "2026-08-13T23:00:30.999700539Z", :level :info, :message ":evidence-captured", :context {:type "resolution-challenged", :hash "a93d3d1b2bcdffc5059234af8c9227fa486356f4c3ac21f28190af215ec1fbb8"}}
{:ts "2026-08-13T23:00:31.036613190Z", :level :debug, :message "Submitting resolution", :context {:caller "0xl1", :workflow-id 0}}
{:ts "2026-08-13T23:00:31.086874235Z", :level :info, :message ":evidence-captured", :context {:type "escrow-released", :hash "b9d8079baeb581363e2b57bfc166bced9493a30393773d483b0c4edf4bf0b78c"}}
{:ts "2026-08-13T23:00:31.112421982Z", :level :info, :message "scenario/end", :context {:id "s42-resolver-buyer-bribery-loop", :outcome :pass, :ctx/scenario-id "s42-resolver-buyer-bribery-loop", :ctx/run-id "s42-resolver-buyer-bribery-loop-run"}}
{:ts "2026-08-13T23:00:31.113400987Z", :level :info, :message "scenario/start", :context {:id "s42-resolver-buyer-bribery-loop", :ctx/scenario-id "s42-resolver-buyer-bribery-loop", :ctx/run-id "s42-resolver-buyer-bribery-loop-run"}}
{:ts "2026-08-13T23:00:31.132570845Z", :level :info, :message ":evidence-captured", :context {:type "escrow-created", :hash "2480d7c3af7632835936e78c85fb1ffa615a979b869f598851b8b5fb4aa5f6e7"}}
{:ts "2026-08-13T23:00:31.163628087Z", :level :info, :message ":evidence-captured", :context {:type "dispute-raised", :hash "4e635cee069f53775fbeabe495e3859f8dd994e0eadaa6a7570d666a3ec6eab2"}}
{:ts "2026-08-13T23:00:31.187251848Z", :level :debug, :message "guard/rejected", :context {:caller "0xbadresolver", :dispute-level 0, :workflow-id 0, :error :not-authorized-resolver, :ctx/scenario-id "s43-auth-rejected-then-authorized-recovery", :ctx/run-id "s43-auth-rejected-then-authorized-recovery-run", :ctx/event-index 2, :ctx/event-type "execute_resolution"}}
{:ts "2026-08-13T23:00:31.190673082Z", :level :info, :message ":evidence-captured", :context {:type "guard-rejected", :hash "44ac2c95fe081a5a40141be6d9ddacff0b8bfe32c944b152878654c56ac9bdfa"}}
{:ts "2026-08-13T23:00:31.203201215Z", :level :debug, :message "Submitting resolution", :context {:caller "0xresolver", :workflow-id 0}}
{:ts "2026-08-13T23:00:31.217356375Z", :level :info, :message ":evidence-captured", :context {:type "escrow-released", :hash "ddf4bdd9c8ef4952135d136e7b09702383579b7b9ff42afef9c3d1799b1ed769"}}
{:ts "2026-08-13T23:00:31.245393240Z", :level :info, :message "scenario/end", :context {:id "s43-auth-rejected-then-authorized-recovery", :outcome :pass, :ctx/scenario-id "s43-auth-rejected-then-authorized-recovery", :ctx/run-id "s43-auth-rejected-then-authorized-recovery-run"}}
{:ts "2026-08-13T23:00:31.246296300Z", :level :info, :message "scenario/start", :context {:id "s43-auth-rejected-then-authorized-recovery", :ctx/scenario-id "s43-auth-rejected-then-authorized-recovery", :ctx/run-id "s43-auth-rejected-then-authorized-recovery-run"}}
{:ts "2026-08-13T23:00:31.264027441Z", :level :info, :message ":evidence-captured", :context {:type "escrow-created", :hash "08a3487e0d78bfad2358e1c3cbeb68b0804c638e425aa2841241c8bf08b2dc83"}}
{:ts "2026-08-13T23:00:31.301419350Z", :level :info, :message ":evidence-captured", :context {:type "dispute-raised", :hash "996198d9b4c972406c1e2dc9fb6cec73cd3c6271cb0ce953343e4d57c01ff799"}}
{:ts "2026-08-13T23:00:31.325847171Z", :level :debug, :message "Submitting resolution", :context {:caller "0xl0", :workflow-id 0}}
{:ts "2026-08-13T23:00:31.359575661Z", :level :info, :message ":evidence-captured", :context {:type "dispute-escalated", :hash "c01d4f851c8ffd4cd89254d6c5e08429723f4cde11a66bbb17e69834b111b375"}}
{:ts "2026-08-13T23:00:31.385236174Z", :level :debug, :message "guard/rejected", :context {:caller "0xbadresolver", :dispute-level 1, :workflow-id 0, :error :not-authorized-resolver, :ctx/scenario-id "s44-escalation-tier-mismatch-rejected", :ctx/run-id "s44-escalation-tier-mismatch-rejected-run", :ctx/event-index 4, :ctx/event-type "execute_resolution"}}
{:ts "2026-08-13T23:00:31.387764779Z", :level :info, :message ":evidence-captured", :context {:type "guard-rejected", :hash "eb383a8a0ab2a9ddefc94f7e5c716a1feb2c43dbcfdb4d90fbfaf3daa4934e76"}}
{:ts "2026-08-13T23:00:31.398095882Z", :level :debug, :message "Submitting resolution", :context {:caller "0xl1", :workflow-id 0}}
{:ts "2026-08-13T23:00:31.436101807Z", :level :info, :message ":evidence-captured", :context {:type "escrow-released", :hash "0bb8fde1a5a7faf15468eeb300716263d558c37172e7a48310c8f4eaa99e7de5"}}
{:ts "2026-08-13T23:00:31.462923244Z", :level :info, :message "scenario/end", :context {:id "s44-escalation-tier-mismatch-rejected", :outcome :pass, :ctx/scenario-id "s44-escalation-tier-mismatch-rejected", :ctx/run-id "s44-escalation-tier-mismatch-rejected-run"}}
{:ts "2026-08-13T23:00:31.463607525Z", :level :info, :message "scenario/start", :context {:id "s44-escalation-tier-mismatch-rejected", :ctx/scenario-id "s44-escalation-tier-mismatch-rejected", :ctx/run-id "s44-escalation-tier-mismatch-rejected-run"}}
{:ts "2026-08-13T23:00:31.477825125Z", :level :info, :message ":evidence-captured", :context {:type "escrow-created", :hash "0f9a861023ba3aae780f77d638c96334286252cd169364588c7fe12f5d3bb41c"}}
{:ts "2026-08-13T23:00:31.511661552Z", :level :info, :message ":evidence-captured", :context {:type "dispute-raised", :hash "2ea9bed3f6753730428dd7f155b7a1d02ca7b1c112e6b58b38b72b9810ea86f8"}}
{:ts "2026-08-13T23:00:31.539313209Z", :level :debug, :message "guard/rejected", :context {:caller "0xlegacy", :dispute-level 0, :workflow-id 0, :error :not-authorized-resolver, :ctx/scenario-id "s45-stale-module-snapshot-rejects-legacy-resolver", :ctx/run-id "s45-stale-module-snapshot-rejects-legacy-resolver-run", :ctx/event-index 2, :ctx/event-type "execute_resolution"}}
{:ts "2026-08-13T23:00:31.542099868Z", :level :info, :message ":evidence-captured", :context {:type "guard-rejected", :hash "8b97d45aafe5ee6d399c1403619836bf7dc6cf28a5083b7c7963f0982b17da8e"}}
{:ts "2026-08-13T23:00:31.553654626Z", :level :debug, :message "Submitting resolution", :context {:caller "0xnewresolver", :workflow-id 0}}
{:ts "2026-08-13T23:00:31.567686169Z", :level :info, :message ":evidence-captured", :context {:type "escrow-released", :hash "6732820637c3e8134a40b1df0d1e0d57df43515603a86fa1fb1f971bf02faada"}}
{:ts "2026-08-13T23:00:31.593778258Z", :level :info, :message "scenario/end", :context {:id "s45-stale-module-snapshot-rejects-legacy-resolver", :outcome :pass, :ctx/scenario-id "s45-stale-module-snapshot-rejects-legacy-resolver", :ctx/run-id "s45-stale-module-snapshot-rejects-legacy-resolver-run"}}
{:ts "2026-08-13T23:00:31.595014226Z", :level :info, :message "scenario/start", :context {:id "s45-stale-module-snapshot-rejects-legacy-resolver", :ctx/scenario-id "s45-stale-module-snapshot-rejects-legacy-resolver", :ctx/run-id "s45-stale-module-snapshot-rejects-legacy-resolver-run"}}
{:ts "2026-08-13T23:00:31.608162918Z", :level :info, :message ":evidence-captured", :context {:type "stake-registered", :hash "31a42986665d7f7597f2f4e5efa50a7192119c571cdddf4e534b0895cac5df02"}}
{:ts "2026-08-13T23:00:31.637397598Z", :level :info, :message ":evidence-captured", :context {:type "escrow-created", :hash "6f17d6c5e3242e27b9957a429eb6be30a63a342bd68bbe9598e1c974521d86f6"}}
{:ts "2026-08-13T23:00:31.671999682Z", :level :info, :message ":evidence-captured", :context {:type "stake-withdrawn", :hash "d0cb94ca817f182f8428ab1e0c620f3d6fd60f60f265acc71799195f64ed8235"}}
{:ts "2026-08-13T23:00:31.716314044Z", :level :info, :message "scenario/end", :context {:id "s45-flash-loan-stake-inflation", :outcome :pass, :ctx/scenario-id "s45-flash-loan-stake-inflation", :ctx/run-id "s45-flash-loan-stake-inflation-run"}}
{:ts "2026-08-13T23:00:31.717241370Z", :level :info, :message "scenario/start", :context {:id "s45-flash-loan-stake-inflation", :ctx/scenario-id "s45-flash-loan-stake-inflation", :ctx/run-id "s45-flash-loan-stake-inflation-run"}}
{:ts "2026-08-13T23:00:31.732232342Z", :level :info, :message ":evidence-captured", :context {:type "escrow-created", :hash "9bb1ec13de094e443d76e5de356a268a485a71517443e18a7b96d22e433155f8"}}
{:ts "2026-08-13T23:00:31.764041284Z", :level :info, :message ":evidence-captured", :context {:type "dispute-raised", :hash "84941764eb7d9cb21c561464e1e233b390af3892d6ace9de04578e31caa935b5"}}
{:ts "2026-08-13T23:00:31.790814559Z", :level :debug, :message "Submitting resolution", :context {:caller "0xresolver", :workflow-id 0}}
{:ts "2026-08-13T23:00:31.802701022Z", :level :info, :message ":evidence-captured", :context {:type "escrow-released", :hash "dced004ecacadc39bb06f04e1d0a10490005c4f7a3557a6548e9ba81bf18618b"}}
{:ts "2026-08-13T23:00:31.829609916Z", :level :debug, :message "guard/rejected", :context {:escrow-state :released, :workflow-id 0, :error :transfer-not-in-dispute, :ctx/scenario-id "s46-reorg-idempotence", :ctx/run-id "s46-reorg-idempotence-run", :ctx/event-index 3, :ctx/event-type "execute_resolution"}}
{:ts "2026-08-13T23:00:31.831494146Z", :level :info, :message ":evidence-captured", :context {:type "guard-rejected", :hash "b6cce552245b725d0bb93fe8edfe19447660272ee8d736bc995d781351b6c1b6"}}
{:ts "2026-08-13T23:00:31.843728777Z", :level :debug, :message "guard/rejected", :context {:escrow-state :released, :workflow-id 0, :error :transfer-not-in-dispute, :ctx/scenario-id "s46-reorg-idempotence", :ctx/run-id "s46-reorg-idempotence-run", :ctx/event-index 4, :ctx/event-type "challenge_resolution"}}
{:ts "2026-08-13T23:00:31.845778945Z", :level :info, :message ":evidence-captured", :context {:type "guard-rejected", :hash "b95a19a82cd6746faf1239bcb1c65aef3696b871d62aa642f5d59edf9c08c513"}}
{:ts "2026-08-13T23:00:31.857715384Z", :level :debug, :message "guard/rejected", :context {:escrow-state :released, :workflow-id 0, :error :transfer-not-in-dispute, :ctx/scenario-id "s46-reorg-idempotence", :ctx/run-id "s46-reorg-idempotence-run", :ctx/event-index 5, :ctx/event-type "challenge_resolution"}}
{:ts "2026-08-13T23:00:31.859851586Z", :level :info, :message ":evidence-captured", :context {:type "guard-rejected", :hash "a5c5c836f6cff1aca869cd4942414d9b4c3746b71c22f851041ccc8e7b77e80c"}}
{:ts "2026-08-13T23:00:31.867159327Z", :level :info, :message "scenario/end", :context {:id "s46-reorg-idempotence", :outcome :pass, :ctx/scenario-id "s46-reorg-idempotence", :ctx/run-id "s46-reorg-idempotence-run"}}
{:ts "2026-08-13T23:00:31.867882282Z", :level :info, :message "scenario/start", :context {:id "s46-reorg-idempotence", :ctx/scenario-id "s46-reorg-idempotence", :ctx/run-id "s46-reorg-idempotence-run"}}
{:ts "2026-08-13T23:00:31.882747903Z", :level :info, :message ":evidence-captured", :context {:type "escrow-created", :hash "79141b1309feb26df2bea6a16eb7c7e5983fb8c81c22e6b64d8d85fbcd0ea782"}}
{:ts "2026-08-13T23:00:31.912866187Z", :level :info, :message ":evidence-captured", :context {:type "dispute-raised", :hash "7161950e0bca3125ae98b9eb0d38ff7ad89ef2deb6fb7bd1f9efec5eeba35436"}}
{:ts "2026-08-13T23:00:31.934584066Z", :level :debug, :message "Submitting resolution", :context {:caller "0xl0", :workflow-id 0}}
{:ts "2026-08-13T23:00:31.965937515Z", :level :info, :message ":evidence-captured", :context {:type "escrow-released", :hash "e502a827596d25eab197b06b491e1c947fb88dbb0c7c06454798abcbd8d25539"}}
{:ts "2026-08-13T23:00:31.993324897Z", :level :debug, :message "guard/rejected", :context {:escrow-state :released, :workflow-id 0, :error :transfer-not-in-dispute, :ctx/scenario-id "s46a-settlement-before-escalation-window-edge", :ctx/run-id "s46a-settlement-before-escalation-window-edge-run", :ctx/event-index 4, :ctx/event-type "escalate_dispute"}}
{:ts "2026-08-13T23:00:31.995418798Z", :level :info, :message ":evidence-captured", :context {:type "guard-rejected", :hash "b10115250fe6af2bdfcda08d1793839b10555d8a713e354977a4ec294864c766"}}
{:ts "2026-08-13T23:00:32.001742253Z", :level :info, :message "scenario/end", :context {:id "s46a-settlement-before-escalation-window-edge", :outcome :pass, :ctx/scenario-id "s46a-settlement-before-escalation-window-edge", :ctx/run-id "s46a-settlement-before-escalation-window-edge-run"}}
{:ts "2026-08-13T23:00:32.002373453Z", :level :info, :message "scenario/start", :context {:id "s46a-settlement-before-escalation-window-edge", :ctx/scenario-id "s46a-settlement-before-escalation-window-edge", :ctx/run-id "s46a-settlement-before-escalation-window-edge-run"}}
{:ts "2026-08-13T23:00:32.013732195Z", :level :info, :message ":evidence-captured", :context {:type "escrow-created", :hash "139bd528423bb3bcf4580968d50d6c6dbdd44d5d75cee40d0893717b8ee8132f"}}
{:ts "2026-08-13T23:00:32.043448077Z", :level :info, :message ":evidence-captured", :context {:type "dispute-raised", :hash "c6e30d39f64cc5c8ad60218775b2bd1028372227bf427a9234a2b2165faa216e"}}
{:ts "2026-08-13T23:00:32.064844150Z", :level :debug, :message "Submitting resolution", :context {:caller "0xl0", :workflow-id 0}}
{:ts "2026-08-13T23:00:32.097118724Z", :level :info, :message ":evidence-captured", :context {:type "dispute-escalated", :hash "8203841f31955814045752985155ddb7b1673fa33f67f6863a812653a8bc1b4a"}}
{:ts "2026-08-13T23:00:32.134072474Z", :level :info, :message ":evidence-captured", :context {:type "escrow-released", :hash "21d615db4be87c26607df934bba8eb11284a6ff5758cb21e46efab5cf6fc9c9d"}}
{:ts "2026-08-13T23:00:32.160308910Z", :level :debug, :message "guard/rejected", :context {:escrow-state :released, :workflow-id 0, :error :transfer-not-in-dispute, :ctx/scenario-id "s46b-escalation-before-settlement-window-edge", :ctx/run-id "s46b-escalation-before-settlement-window-edge-run", :ctx/event-index 5, :ctx/event-type "execute_resolution"}}
{:ts "2026-08-13T23:00:32.163099507Z", :level :info, :message ":evidence-captured", :context {:type "guard-rejected", :hash "8402325752257893325b0ad4ad6296b1e81253cf921a78fc3eb9853ca6ab3b56"}}
{:ts "2026-08-13T23:00:32.175751406Z", :level :debug, :message "guard/rejected", :context {:workflow-id 0, :error :no-pending-settlement, :ctx/scenario-id "s46b-escalation-before-settlement-window-edge", :ctx/run-id "s46b-escalation-before-settlement-window-edge-run", :ctx/event-index 6, :ctx/event-type "execute_pending_settlement"}}
{:ts "2026-08-13T23:00:32.178642706Z", :level :info, :message ":evidence-captured", :context {:type "guard-rejected", :hash "8db670fa10aca99fee05b8431998bcdd8dc4fa16f5b69490ae83ee2ee96a37d5"}}
{:ts "2026-08-13T23:00:32.185781102Z", :level :info, :message "scenario/end", :context {:id "s46b-escalation-before-settlement-window-edge", :outcome :pass, :ctx/scenario-id "s46b-escalation-before-settlement-window-edge", :ctx/run-id "s46b-escalation-before-settlement-window-edge-run"}}
{:ts "2026-08-13T23:00:32.187133373Z", :level :info, :message "scenario/start", :context {:id "s46b-escalation-before-settlement-window-edge", :ctx/scenario-id "s46b-escalation-before-settlement-window-edge", :ctx/run-id "s46b-escalation-before-settlement-window-edge-run"}}
{:ts "2026-08-13T23:00:32.202384743Z", :level :info, :message ":evidence-captured", :context {:type "escrow-created", :hash "ebd9ab3291480b3fa25aff26c5a7989d045d670a211696b4d8b60b90f1e2c34a"}}
{:ts "2026-08-13T23:00:32.229508589Z", :level :info, :message ":evidence-captured", :context {:type "dispute-raised", :hash "f420929a772c40bc2ab83b1dcf3d869fce040a6290cc4c4e116e47d1eb2c4c4e"}}
{:ts "2026-08-13T23:00:32.258932633Z", :level :debug, :message "Submitting resolution", :context {:caller "0xresolver", :workflow-id 0}}
{:ts "2026-08-13T23:00:32.294466251Z", :level :info, :message ":evidence-captured", :context {:type "escrow-released", :hash "b006b54057c3338b3ba025e6d5a6908664676bfcfe75424f5b33b272879723c8"}}
{:ts "2026-08-13T23:00:32.315583580Z", :level :info, :message "scenario/end", :context {:id "s47a-appeal-window-last-second-settlement", :outcome :pass, :ctx/scenario-id "s47a-appeal-window-last-second-settlement", :ctx/run-id "s47a-appeal-window-last-second-settlement-run"}}
{:ts "2026-08-13T23:00:32.316394694Z", :level :info, :message "scenario/start", :context {:id "s47a-appeal-window-last-second-settlement", :ctx/scenario-id "s47a-appeal-window-last-second-settlement", :ctx/run-id "s47a-appeal-window-last-second-settlement-run"}}
{:ts "2026-08-13T23:00:32.337563321Z", :level :info, :message ":evidence-captured", :context {:type "escrow-created", :hash "542bf931f2d37cad4268cafa3290ac3dcb2ac793b5668634e391dde2750f9141"}}
{:ts "2026-08-13T23:00:32.375774709Z", :level :info, :message ":evidence-captured", :context {:type "dispute-raised", :hash "b253cf4ba3342e6c9cd1d592e92610903a0462c6a68ff659bcd60d28c72e7e98"}}
{:ts "2026-08-13T23:00:32.405593930Z", :level :debug, :message "Submitting resolution", :context {:caller "0xresolver", :workflow-id 0}}
{:ts "2026-08-13T23:00:32.448023070Z", :level :info, :message ":evidence-captured", :context {:type "escrow-released", :hash "df029bbd7284517d0ff388e604014af75ae2bb6eeba6acb5e0f895443f617a3b"}}
{:ts "2026-08-13T23:00:32.471455143Z", :level :info, :message "scenario/end", :context {:id "s47b-appeal-window-plus-one-rejected", :outcome :pass, :ctx/scenario-id "s47b-appeal-window-plus-one-rejected", :ctx/run-id "s47b-appeal-window-plus-one-rejected-run"}}
{:ts "2026-08-13T23:00:32.472389633Z", :level :info, :message "scenario/start", :context {:id "s47b-appeal-window-plus-one-rejected", :ctx/scenario-id "s47b-appeal-window-plus-one-rejected", :ctx/run-id "s47b-appeal-window-plus-one-rejected-run"}}
{:ts "2026-08-13T23:00:32.486347124Z", :level :info, :message ":evidence-captured", :context {:type "escrow-created", :hash "cce80a60fa9cf21dea4158ae9f695c7f16dc330dbd7a33d134d8f0f1f9519f3a"}}
{:ts "2026-08-13T23:00:32.515360150Z", :level :info, :message ":evidence-captured", :context {:type "dispute-raised", :hash "2d6b27430cbe18116e1414da1e847faae35fb17b9516190b4d05fb0871269243"}}
{:ts "2026-08-13T23:00:32.535937354Z", :level :debug, :message "Submitting resolution", :context {:caller "0xl0", :workflow-id 0}}
{:ts "2026-08-13T23:00:32.570242619Z", :level :info, :message ":evidence-captured", :context {:type "dispute-escalated", :hash "d1998c902d81231534cfba918607d932b760422b3d4e83ae2c5ba0a4615742f1"}}
{:ts "2026-08-13T23:00:32.596793157Z", :level :debug, :message "Submitting resolution", :context {:caller "0xl1", :workflow-id 0}}
{:ts "2026-08-13T23:00:32.635779070Z", :level :info, :message ":evidence-captured", :context {:type "escrow-released", :hash "fa63f099cab13067cd8c51d220509ad6fca0326dc11c4ded339664e30af520e3"}}
{:ts "2026-08-13T23:00:32.656018296Z", :level :info, :message "scenario/end", :context {:id "s48-max-escalation-exact-boundary", :outcome :pass, :ctx/scenario-id "s48-max-escalation-exact-boundary", :ctx/run-id "s48-max-escalation-exact-boundary-run"}}
{:ts "2026-08-13T23:00:32.657121810Z", :level :info, :message "scenario/start", :context {:id "s48-max-escalation-exact-boundary", :ctx/scenario-id "s48-max-escalation-exact-boundary", :ctx/run-id "s48-max-escalation-exact-boundary-run"}}
{:ts "2026-08-13T23:00:32.671080614Z", :level :info, :message ":evidence-captured", :context {:type "escrow-created", :hash "2ac057a802d891381b1baf07aed66e2b24c5b49c9ff4ebaa95625292720c28c5"}}
{:ts "2026-08-13T23:00:32.697836114Z", :level :info, :message ":evidence-captured", :context {:type "dispute-raised", :hash "c5b3f7d5d10aa6ab2c51cbb42be1b9360695f31dd7354e38a799a63dc2c418e6"}}
{:ts "2026-08-13T23:00:32.718581590Z", :level :debug, :message "Submitting resolution", :context {:caller "0xl0", :workflow-id 0}}
{:ts "2026-08-13T23:00:32.751786978Z", :level :info, :message ":evidence-captured", :context {:type "dispute-escalated", :hash "a90eebaeba95f8219d6934329c968238d314cfe0e2a39b8dc0e1a62eff673876"}}
{:ts "2026-08-13T23:00:32.775406922Z", :level :debug, :message "Submitting resolution", :context {:caller "0xl1", :workflow-id 0}}
{:ts "2026-08-13T23:00:32.813542796Z", :level :info, :message ":evidence-captured", :context {:type "escrow-released", :hash "753f4d6c960ba701e74a1dbbea74b1e04b3cab0ea592804f0278ef10ce0bcd63"}}
{:ts "2026-08-13T23:00:32.843884137Z", :level :info, :message "scenario/end", :context {:id "s49-appeal-deadline-boundary", :outcome :pass, :ctx/scenario-id "s49-appeal-deadline-boundary", :ctx/run-id "s49-appeal-deadline-boundary-run"}}
{:ts "2026-08-13T23:00:32.844680923Z", :level :info, :message "scenario/start", :context {:id "s49-appeal-deadline-boundary", :ctx/scenario-id "s49-appeal-deadline-boundary", :ctx/run-id "s49-appeal-deadline-boundary-run"}}
{:ts "2026-08-13T23:00:32.858728056Z", :level :info, :message ":evidence-captured", :context {:type "escrow-created", :hash "feb312b75bc5e3e4e2979495b946c9401a9eca6457f68142801c16c833f993f9"}}
{:ts "2026-08-13T23:00:32.890194633Z", :level :info, :message ":evidence-captured", :context {:type "escrow-released", :hash "7f2ac5ef8cff04bb99bdf43d4bffc3a67679270d2f0239b972a8e90cf598a00a"}}
{:ts "2026-08-13T23:00:32.926022816Z", :level :debug, :message "guard/rejected", :context {:escrow-state :released, :workflow-id 0, :error :transfer-not-in-dispute, :ctx/scenario-id "s50-false-assertion-unchallenged", :ctx/run-id "s50-false-assertion-unchallenged-run", :ctx/event-index 3, :ctx/event-type "execute_resolution"}}
{:ts "2026-08-13T23:00:32.927931603Z", :level :info, :message ":evidence-captured", :context {:type "guard-rejected", :hash "b4c429ee4b5fbde7d71b791cf63ec946ac40cc3db1f1cbaf17854dc9068f2acd"}}
{:ts "2026-08-13T23:00:32.939973794Z", :level :debug, :message "guard/rejected", :context {:workflow-id 0, :error :no-pending-settlement, :ctx/scenario-id "s50-false-assertion-unchallenged", :ctx/run-id "s50-false-assertion-unchallenged-run", :ctx/event-index 4, :ctx/event-type "execute_pending_settlement"}}
{:ts "2026-08-13T23:00:32.942069479Z", :level :info, :message ":evidence-captured", :context {:type "guard-rejected", :hash "c6f065b9aac5cbd4bee74a07d2b69b8721812e5410abdad051024b19e5542150"}}
{:ts "2026-08-13T23:00:32.948836414Z", :level :info, :message "scenario/end", :context {:id "s50-false-assertion-unchallenged", :outcome :pass, :ctx/scenario-id "s50-false-assertion-unchallenged", :ctx/run-id "s50-false-assertion-unchallenged-run"}}
{:ts "2026-08-13T23:00:32.949590689Z", :level :info, :message "scenario/start", :context {:id "s50-false-assertion-unchallenged", :ctx/scenario-id "s50-false-assertion-unchallenged", :ctx/run-id "s50-false-assertion-unchallenged-run"}}
{:ts "2026-08-13T23:00:32.966983211Z", :level :info, :message ":evidence-captured", :context {:type "escrow-created", :hash "2472c1c97251ecf8e30d48f29c0a5b6770b4bd6415b1f80b89b8b001ac65c9ec"}}
{:ts "2026-08-13T23:00:32.996542824Z", :level :info, :message ":evidence-captured", :context {:type "dispute-raised", :hash "6ee06f76171f5f39b93ba66cc7dc32f2e2e686d5e49f375138f392b6d1faef97"}}
{:ts "2026-08-13T23:00:33.017494115Z", :level :debug, :message "Submitting resolution", :context {:caller "0xresolver", :workflow-id 0}}
{:ts "2026-08-13T23:00:33.048610611Z", :level :info, :message ":evidence-captured", :context {:type "escrow-released", :hash "a08c551d936c394075c9f7f483e0d3a63e70e0986fed71c4ddd6fd5ded852908"}}
{:ts "2026-08-13T23:00:33.078407107Z", :level :debug, :message "guard/rejected", :context {:escrow-state :released, :workflow-id 0, :error :transfer-not-in-dispute, :ctx/scenario-id "s51-same-block-challenge-finalize-race", :ctx/run-id "s51-same-block-challenge-finalize-race-run", :ctx/event-index 4, :ctx/event-type "escalate_dispute"}}
{:ts "2026-08-13T23:00:33.080698828Z", :level :info, :message ":evidence-captured", :context {:type "guard-rejected", :hash "82b0501b727601ba870f2d6c6f47a58c1180696a1ba24fd11b794ff767af6101"}}
{:ts "2026-08-13T23:00:33.090896225Z", :level :info, :message "scenario/end", :context {:id "s51-same-block-challenge-finalize-race", :outcome :pass, :ctx/scenario-id "s51-same-block-challenge-finalize-race", :ctx/run-id "s51-same-block-challenge-finalize-race-run"}}
{:ts "2026-08-13T23:00:33.091730574Z", :level :info, :message "scenario/start", :context {:id "s51-same-block-challenge-finalize-race", :ctx/scenario-id "s51-same-block-challenge-finalize-race", :ctx/run-id "s51-same-block-challenge-finalize-race-run"}}
{:ts "2026-08-13T23:00:33.104555695Z", :level :info, :message ":evidence-captured", :context {:type "escrow-created", :hash "f9b54302c6105053811ef0e6f70caf606a4c2c811ba8cb94a44692053f6ee2aa"}}
{:ts "2026-08-13T23:00:33.139929738Z", :level :info, :message ":evidence-captured", :context {:type "dispute-raised", :hash "1374a84b4a7fe90d4b03e4cacc8e8fd7b3ea86ab92c816924ad72b862a449b80"}}
{:ts "2026-08-13T23:00:33.161197775Z", :level :debug, :message "Submitting resolution", :context {:caller "0xresolver", :workflow-id 0}}
{:ts "2026-08-13T23:00:33.183871696Z", :level :debug, :message "guard/rejected", :context {:caller "0xappealer", :workflow-id 0, :error :not-participant, :ctx/scenario-id "s51-inverse-same-block-escalate-then-finalize", :ctx/run-id "s51-inverse-same-block-escalate-then-finalize-run", :ctx/event-index 3, :ctx/event-type "escalate_dispute"}}
{:ts "2026-08-13T23:00:33.186380022Z", :level :info, :message ":evidence-captured", :context {:type "guard-rejected", :hash "ed8dc5ce0f516fe00c4be9614180ba796cd1f3c3c04d1ed0c61c2656ec20b99d"}}
{:ts "2026-08-13T23:00:33.207610227Z", :level :info, :message ":evidence-captured", :context {:type "escrow-released", :hash "477a7ffaeee15e8b69855bff5c60dd714f68192807f54dbb35a7d725e80bba12"}}
{:ts "2026-08-13T23:00:33.233404616Z", :level :info, :message "scenario/end", :context {:id "s51-inverse-same-block-escalate-then-finalize", :outcome :pass, :ctx/scenario-id "s51-inverse-same-block-escalate-then-finalize", :ctx/run-id "s51-inverse-same-block-escalate-then-finalize-run"}}
{:ts "2026-08-13T23:00:33.234606018Z", :level :info, :message "scenario/start", :context {:id "s51-inverse-same-block-escalate-then-finalize", :ctx/scenario-id "s51-inverse-same-block-escalate-then-finalize", :ctx/run-id "s51-inverse-same-block-escalate-then-finalize-run"}}
{:ts "2026-08-13T23:00:33.255776879Z", :level :info, :message ":evidence-captured", :context {:type "escrow-created", :hash "cfd8ecc58aef2642c278d5c824b3846f4585da18072b363d1fc26ba4b774fb66"}}
{:ts "2026-08-13T23:00:33.301052232Z", :level :info, :message ":evidence-captured", :context {:type "dispute-raised", :hash "5e348a46d7012aa9cc65862c9b7058bbebade4a04bda56a9af5bd5914ce722aa"}}
{:ts "2026-08-13T23:00:33.327836948Z", :level :debug, :message "Submitting resolution", :context {:caller "0xresolver", :workflow-id 0}}
{:ts "2026-08-13T23:00:33.353501629Z", :level :debug, :message "guard/rejected", :context {:block-time 1239, :appeal-deadline 1240, :workflow-id 0, :error :appeal-window-not-expired, :ctx/scenario-id "s51c-deadline-matrix-execute-then-escalate", :ctx/run-id "s51c-deadline-matrix-execute-then-escalate-run", :ctx/event-index 3, :ctx/event-type "execute_pending_settlement"}}
{:ts "2026-08-13T23:00:33.356510163Z", :level :info, :message ":evidence-captured", :context {:type "guard-rejected", :hash "dbd34490f0f8e68b58a3c250d181aa395045207d7791ab333e40d242f694e043"}}
{:ts "2026-08-13T23:00:33.366308956Z", :level :debug, :message "guard/rejected", :context {:caller "0xappealer", :workflow-id 0, :error :not-participant, :ctx/scenario-id "s51c-deadline-matrix-execute-then-escalate", :ctx/run-id "s51c-deadline-matrix-execute-then-escalate-run", :ctx/event-index 4, :ctx/event-type "escalate_dispute"}}
{:ts "2026-08-13T23:00:33.368377590Z", :level :info, :message ":evidence-captured", :context {:type "guard-rejected", :hash "e925428c2186f2a5cf9233943b494751791fa9c1d4b719d2f5cb152886c1788f"}}
{:ts "2026-08-13T23:00:33.389520086Z", :level :info, :message ":evidence-captured", :context {:type "escrow-released", :hash "281763707c94064728536fb29cb0c1a9d044d93846cb56e2a2ef4cc7b055c315"}}
{:ts "2026-08-13T23:00:33.427353020Z", :level :info, :message ":evidence-captured", :context {:type "escrow-created", :hash "c2a876cccd54563ceba912044ae4b1e502d2b615033858b9367a124521183417"}}
{:ts "2026-08-13T23:00:33.476630801Z", :level :info, :message ":evidence-captured", :context {:type "dispute-raised", :hash "58cea8241d35748625489dfc9e93217c8d19a39d43a0c22c554285a02fda68d5"}}
{:ts "2026-08-13T23:00:33.506518383Z", :level :debug, :message "Submitting resolution", :context {:caller "0xresolver", :workflow-id 1}}
{:ts "2026-08-13T23:00:33.549826847Z", :level :info, :message ":evidence-captured", :context {:type "escrow-released", :hash "7ff53bfc10c3353cfe7b95a9b9dbe72093385d3f01cea5fd6b5b6c8ef0fc6a6b"}}
{:ts "2026-08-13T23:00:33.594742210Z", :level :debug, :message "guard/rejected", :context {:escrow-state :released, :workflow-id 1, :error :transfer-not-in-dispute, :ctx/scenario-id "s51c-deadline-matrix-execute-then-escalate", :ctx/run-id "s51c-deadline-matrix-execute-then-escalate-run", :ctx/event-index 10, :ctx/event-type "escalate_dispute"}}
{:ts "2026-08-13T23:00:33.596871479Z", :level :info, :message ":evidence-captured", :context {:type "guard-rejected", :hash "6cc3b398d4a7a42594d3b45dc245c1b427a99194a5071b516ad2d1af6006f0b4"}}
{:ts "2026-08-13T23:00:33.635021150Z", :level :info, :message ":evidence-captured", :context {:type "escrow-created", :hash "529777cd47ccedf20b3dbef1329209970b084296954f170323917ecdc4eeced5"}}
{:ts "2026-08-13T23:00:33.696685572Z", :level :info, :message ":evidence-captured", :context {:type "dispute-raised", :hash "73e82b2ade6f309085e8e740624d4b8030fdec75e2024bf47bf8b50533b022ef"}}
{:ts "2026-08-13T23:00:33.742669873Z", :level :debug, :message "Submitting resolution", :context {:caller "0xresolver", :workflow-id 2}}
{:ts "2026-08-13T23:00:33.807020202Z", :level :info, :message ":evidence-captured", :context {:type "escrow-released", :hash "9bfaeab0322a4da91c77d299ada30213306b3097a4172cec1bf2fcbf77afa047"}}
{:ts "2026-08-13T23:00:33.851532182Z", :level :debug, :message "guard/rejected", :context {:escrow-state :released, :workflow-id 2, :error :transfer-not-in-dispute, :ctx/scenario-id "s51c-deadline-matrix-execute-then-escalate", :ctx/run-id "s51c-deadline-matrix-execute-then-escalate-run", :ctx/event-index 15, :ctx/event-type "escalate_dispute"}}
{:ts "2026-08-13T23:00:33.854791657Z", :level :info, :message ":evidence-captured", :context {:type "guard-rejected", :hash "d04b10d2852f7f87ebf2ee79a0bba58acc72950c14e9faa701697b417ac41a17"}}
{:ts "2026-08-13T23:00:33.868498247Z", :level :info, :message "scenario/end", :context {:id "s51c-deadline-matrix-execute-then-escalate", :outcome :pass, :ctx/scenario-id "s51c-deadline-matrix-execute-then-escalate", :ctx/run-id "s51c-deadline-matrix-execute-then-escalate-run"}}
{:ts "2026-08-13T23:00:33.869419953Z", :level :info, :message "scenario/start", :context {:id "s51c-deadline-matrix-execute-then-escalate", :ctx/scenario-id "s51c-deadline-matrix-execute-then-escalate", :ctx/run-id "s51c-deadline-matrix-execute-then-escalate-run"}}
{:ts "2026-08-13T23:00:33.883764556Z", :level :info, :message ":evidence-captured", :context {:type "escrow-created", :hash "5055f625f32011405f6cd368aee2c90ae90a548f1143fcc09c4edc5a03aab890"}}
{:ts "2026-08-13T23:00:33.911886534Z", :level :info, :message ":evidence-captured", :context {:type "dispute-raised", :hash "bf7dbaf390b1dbd59e261563fe179c002f08a779d4c6205b99bc9f8d5462f480"}}
{:ts "2026-08-13T23:00:33.934976572Z", :level :debug, :message "Submitting resolution", :context {:caller "0xresolver", :workflow-id 0}}
{:ts "2026-08-13T23:00:33.977973770Z", :level :debug, :message "guard/rejected", :context {:caller "0xappealer", :workflow-id 0, :error :not-participant, :ctx/scenario-id "s51d-deadline-matrix-escalate-then-execute", :ctx/run-id "s51d-deadline-matrix-escalate-then-execute-run", :ctx/event-index 3, :ctx/event-type "escalate_dispute"}}
{:ts "2026-08-13T23:00:33.980067261Z", :level :info, :message ":evidence-captured", :context {:type "guard-rejected", :hash "4ef9caf3d7758c7fb463f43812282e3e3cc9a6a5d4c2a14a6c8d68fccb16d026"}}
{:ts "2026-08-13T23:00:33.995613807Z", :level :debug, :message "guard/rejected", :context {:block-time 1239, :appeal-deadline 1240, :workflow-id 0, :error :appeal-window-not-expired, :ctx/scenario-id "s51d-deadline-matrix-escalate-then-execute", :ctx/run-id "s51d-deadline-matrix-escalate-then-execute-run", :ctx/event-index 4, :ctx/event-type "execute_pending_settlement"}}
{:ts "2026-08-13T23:00:33.997824382Z", :level :info, :message ":evidence-captured", :context {:type "guard-rejected", :hash "97312428373046b1d87563e0218c0182d3532c1347f73fa32afed10e5a0ae8ef"}}
{:ts "2026-08-13T23:00:34.022632111Z", :level :info, :message ":evidence-captured", :context {:type "escrow-released", :hash "d9a8bb0612d891c631c5382c302b949b63206b11e958c01df9319e2ee17a0778"}}
{:ts "2026-08-13T23:00:34.057880914Z", :level :info, :message ":evidence-captured", :context {:type "escrow-created", :hash "59d2246e0e22d2da1825f1646098163f52abdcf3c5b5c16cbdce61cfb671af51"}}
{:ts "2026-08-13T23:00:34.100893541Z", :level :info, :message ":evidence-captured", :context {:type "dispute-raised", :hash "9da9ae3f04cbb232f31215f6778d2639f701af204bcd0fc656272c36e144943e"}}
{:ts "2026-08-13T23:00:34.131679805Z", :level :debug, :message "Submitting resolution", :context {:caller "0xresolver", :workflow-id 1}}
{:ts "2026-08-13T23:00:34.164030315Z", :level :debug, :message "guard/rejected", :context {:caller "0xappealer", :workflow-id 1, :error :not-participant, :ctx/scenario-id "s51d-deadline-matrix-escalate-then-execute", :ctx/run-id "s51d-deadline-matrix-escalate-then-execute-run", :ctx/event-index 9, :ctx/event-type "escalate_dispute"}}
{:ts "2026-08-13T23:00:34.165968007Z", :level :info, :message ":evidence-captured", :context {:type "guard-rejected", :hash "f86a8ab8795a60236e4ed3ba678eaee34d558adcbff6bddec3be07cb8f3f8407"}}
{:ts "2026-08-13T23:00:34.196594985Z", :level :info, :message ":evidence-captured", :context {:type "escrow-released", :hash "b18bf163edb79424b8912ebfdb7e076ebf947102bdb0d046b660052d80389f00"}}
{:ts "2026-08-13T23:00:34.250791359Z", :level :info, :message ":evidence-captured", :context {:type "escrow-created", :hash "8fd1b098472ab6f4cfa896507f8cfedfe6130ad89874abacdc79a4b282c4d69e"}}
{:ts "2026-08-13T23:00:34.307195844Z", :level :info, :message ":evidence-captured", :context {:type "dispute-raised", :hash "251439469c4f2fb85519892aa7e243e8bb093fe6ae7f4446099c0c98e75d0919"}}
{:ts "2026-08-13T23:00:34.347841848Z", :level :debug, :message "Submitting resolution", :context {:caller "0xresolver", :workflow-id 2}}
{:ts "2026-08-13T23:00:34.388464096Z", :level :debug, :message "guard/rejected", :context {:caller "0xappealer", :workflow-id 2, :error :not-participant, :ctx/scenario-id "s51d-deadline-matrix-escalate-then-execute", :ctx/run-id "s51d-deadline-matrix-escalate-then-execute-run", :ctx/event-index 14, :ctx/event-type "escalate_dispute"}}
{:ts "2026-08-13T23:00:34.391529499Z", :level :info, :message ":evidence-captured", :context {:type "guard-rejected", :hash "60e7dde6baa5053309073a349ad3305b0504518d96105b9dbc1f7d3e2d1e2ec7"}}
{:ts "2026-08-13T23:00:34.431565924Z", :level :info, :message ":evidence-captured", :context {:type "escrow-released", :hash "9583b6d0a1193887a5bb7587d1d5ce1fd41ceb0d4d2e4a9a5b71bc3727ba6e3b"}}
{:ts "2026-08-13T23:00:34.474041493Z", :level :info, :message "scenario/end", :context {:id "s51d-deadline-matrix-escalate-then-execute", :outcome :pass, :ctx/scenario-id "s51d-deadline-matrix-escalate-then-execute", :ctx/run-id "s51d-deadline-matrix-escalate-then-execute-run"}}
{:ts "2026-08-13T23:00:34.474767824Z", :level :info, :message "scenario/start", :context {:id "s51d-deadline-matrix-escalate-then-execute", :ctx/scenario-id "s51d-deadline-matrix-escalate-then-execute", :ctx/run-id "s51d-deadline-matrix-escalate-then-execute-run"}}
{:ts "2026-08-13T23:00:34.487798399Z", :level :info, :message ":evidence-captured", :context {:type "escrow-created", :hash "64e5f1029f9914f69776d8b8da29de07553f4cd9aaff997f2b4a2c86b1fb5c01"}}
{:ts "2026-08-13T23:00:34.516344942Z", :level :info, :message ":evidence-captured", :context {:type "dispute-raised", :hash "0cd1c69d5de1d5837b38a17d7e249c32166b15e09f1577eba834483bd7484b3e"}}
{:ts "2026-08-13T23:00:34.535843889Z", :level :debug, :message "Submitting resolution", :context {:caller "0xresolver", :workflow-id 0}}
{:ts "2026-08-13T23:00:34.566120236Z", :level :info, :message ":evidence-captured", :context {:type "escrow-released", :hash "82034dfba476bf0eb953e617acc338f2799e54d2d4965d7bf40903c2f5741ffe"}}
{:ts "2026-08-13T23:00:34.593420580Z", :level :info, :message ":evidence-captured", :context {:type "escrow-withdrawn", :hash "ff9d70027591117fa096de5410416f2f76dc01957688c13ab041d9d7cd9014f7"}}
{:ts "2026-08-13T23:00:34.616765737Z", :level :info, :message "scenario/end", :context {:id "s52-yield-accrued-during-dispute", :outcome :pass, :ctx/scenario-id "s52-yield-accrued-during-dispute", :ctx/run-id "s52-yield-accrued-during-dispute-run"}}
{:ts "2026-08-13T23:00:34.617776644Z", :level :info, :message "scenario/start", :context {:id "s52-yield-accrued-during-dispute", :ctx/scenario-id "s52-yield-accrued-during-dispute", :ctx/run-id "s52-yield-accrued-during-dispute-run"}}
{:ts "2026-08-13T23:00:34.631035877Z", :level :info, :message ":evidence-captured", :context {:type "escrow-created", :hash "7a7aa992681ac051907aca70a6a8b875a3673ea91d0138a66368454aeb60c2cf"}}
{:ts "2026-08-13T23:00:34.660107144Z", :level :info, :message ":evidence-captured", :context {:type "dispute-raised", :hash "12401e3b3db0aa3b3917b30dab26ffbf4a9fb417e676ef5d59280336bfc8bfe4"}}
{:ts "2026-08-13T23:00:34.679934972Z", :level :debug, :message "Submitting resolution", :context {:caller "0xresolver", :workflow-id 0}}
{:ts "2026-08-13T23:00:34.714431043Z", :level :info, :message ":evidence-captured", :context {:type "escrow-released", :hash "6a4e7c90d64092827bfb60113ba33d36a63fc51ca32a0290d5ac05cbaf17bbac"}}
{:ts "2026-08-13T23:00:34.758151517Z", :level :info, :message ":evidence-captured", :context {:type "escrow-withdrawn", :hash "586d531a58dcbdcab11264c08bc3cde3b28960dd69a5dda2ab92c1cafae4b88e"}}
{:ts "2026-08-13T23:00:34.780910330Z", :level :info, :message "scenario/end", :context {:id "s53-reentrant-withdrawal-guard", :outcome :pass, :ctx/scenario-id "s53-reentrant-withdrawal-guard", :ctx/run-id "s53-reentrant-withdrawal-guard-run"}}
{:ts "2026-08-13T23:00:34.781658063Z", :level :info, :message "scenario/start", :context {:id "s53-reentrant-withdrawal-guard", :ctx/scenario-id "s53-reentrant-withdrawal-guard", :ctx/run-id "s53-reentrant-withdrawal-guard-run"}}
{:ts "2026-08-13T23:00:34.793782322Z", :level :info, :message ":evidence-captured", :context {:type "escrow-created", :hash "122099b4ce96e1d6b81a6144da9a5fec91c7745169e4787078ab1eb375f0fd47"}}
{:ts "2026-08-13T23:00:34.824523619Z", :level :info, :message ":evidence-captured", :context {:type "escrow-created", :hash "aa5b6061133c2de0050bab68e3874d9f96ed30767f5d60bef0781b0b573f255e"}}
{:ts "2026-08-13T23:00:34.871286391Z", :level :info, :message ":evidence-captured", :context {:type "escrow-released", :hash "35d9a84657e699fe29a15ae2eb6feb07368adfbfc8595eb8ee05b4345b790c59"}}
{:ts "2026-08-13T23:00:34.914067756Z", :level :info, :message ":evidence-captured", :context {:type "dispute-raised", :hash "6b6f72b1f2727e68d37a1904e4d59df50388779995ceea5e5472abef99465c53"}}
{:ts "2026-08-13T23:00:34.943448526Z", :level :debug, :message "Submitting resolution", :context {:caller "0xresolver", :workflow-id 0}}
{:ts "2026-08-13T23:00:34.985955415Z", :level :info, :message ":evidence-captured", :context {:type "escrow-released", :hash "d2ca949766a527cb1e8386577f3177c4dd3be597f3394699df5343f14b6ffede"}}
{:ts "2026-08-13T23:00:35.020160428Z", :level :info, :message "scenario/end", :context {:id "s54-multi-claim-ledger-isolation", :outcome :pass, :ctx/scenario-id "s54-multi-claim-ledger-isolation", :ctx/run-id "s54-multi-claim-ledger-isolation-run"}}
{:ts "2026-08-13T23:00:35.023155566Z", :level :info, :message "scenario/start", :context {:id "s54-multi-claim-ledger-isolation", :ctx/scenario-id "s54-multi-claim-ledger-isolation", :ctx/run-id "s54-multi-claim-ledger-isolation-run"}}
{:ts "2026-08-13T23:00:35.036390212Z", :level :info, :message ":evidence-captured", :context {:type "escrow-created", :hash "02788ddb53f5bafcee43079653f70bb2701b77682897f67aa1951038add91047"}}
{:ts "2026-08-13T23:00:35.065598873Z", :level :info, :message ":evidence-captured", :context {:type "dispute-raised", :hash "d371b8ccba7621db8ffe00f7394cf6791b3e780fc3cbddcfed0080d227b918a9"}}
{:ts "2026-08-13T23:00:35.106425773Z", :level :info, :message ":evidence-captured", :context {:type "escrow-refunded", :hash "26af4a1eef372403d3559a44125ad121fcf23b9dfeddfacc749320f24be379f5"}}
{:ts "2026-08-13T23:00:35.140974905Z", :level :info, :message ":evidence-captured", :context {:type "slashing", :hash "e482d7c2f1cdf93a2ad0676b8ed3e3fc3c541ef4d873639e4b1786155a47b25e"}}
{:ts "2026-08-13T23:00:35.163808512Z", :level :info, :message "scenario/end", :context {:id "s55-resolver-unavailable-timeout-fallback", :outcome :pass, :ctx/scenario-id "s55-resolver-unavailable-timeout-fallback", :ctx/run-id "s55-resolver-unavailable-timeout-fallback-run"}}
{:ts "2026-08-13T23:00:35.164608214Z", :level :info, :message "scenario/start", :context {:id "s55-resolver-unavailable-timeout-fallback", :ctx/scenario-id "s55-resolver-unavailable-timeout-fallback", :ctx/run-id "s55-resolver-unavailable-timeout-fallback-run"}}
{:ts "2026-08-13T23:00:35.178882322Z", :level :info, :message ":evidence-captured", :context {:type "escrow-created", :hash "47521f4b05e91e75a16922067913c7cc66d63f8924f1b4030428bbc2d26774ef"}}
{:ts "2026-08-13T23:00:35.209841737Z", :level :info, :message ":evidence-captured", :context {:type "dispute-raised", :hash "33a86e8498d7c27eb43aff713f87d0f02e9a47c011d876bd67590da7ef7a5f1a"}}
{:ts "2026-08-13T23:00:35.235716590Z", :level :debug, :message "Submitting resolution", :context {:caller "0xresolver1", :workflow-id 0}}
{:ts "2026-08-13T23:00:35.276862732Z", :level :info, :message ":evidence-captured", :context {:type "escrow-released", :hash "50764608334ef832ca73a2e3eeacefb682f3f0a4672491e3f6b6d869c37537da"}}
{:ts "2026-08-13T23:00:35.299667463Z", :level :info, :message "scenario/end", :context {:id "s56-resolver-diversity", :outcome :pass, :ctx/scenario-id "s56-resolver-diversity", :ctx/run-id "s56-resolver-diversity-run"}}
{:ts "2026-08-13T23:00:35.300391741Z", :level :info, :message "scenario/start", :context {:id "s56-resolver-diversity", :ctx/scenario-id "s56-resolver-diversity", :ctx/run-id "s56-resolver-diversity-run"}}
{:ts "2026-08-13T23:00:35.312417290Z", :level :info, :message ":evidence-captured", :context {:type "escrow-created", :hash "27fd5a4142c09d5c7cdfec5f3097b86613f5ef74d806edefa6a47501fd4f65ce"}}
{:ts "2026-08-13T23:00:35.344424012Z", :level :info, :message ":evidence-captured", :context {:type "dispute-raised", :hash "48816671b85956ee438b3d8f6a7c116ec7aa336c8da48a9c5ee19a9833de51b1"}}
{:ts "2026-08-13T23:00:35.371073289Z", :level :debug, :message "Submitting resolution", :context {:caller "0xresolver", :workflow-id 0}}
{:ts "2026-08-13T23:00:35.384253511Z", :level :info, :message ":evidence-captured", :context {:type "escrow-released", :hash "b7673e67ae6bc86e950a337e08b6777a518124dc3405bd1990f93fe1364f7355"}}
{:ts "2026-08-13T23:00:35.412674803Z", :level :debug, :message "guard/rejected", :context {:workflow-id 0, :error :no-pending-settlement, :ctx/scenario-id "s57-corruption-cost-vs-profit", :ctx/run-id "s57-corruption-cost-vs-profit-run", :ctx/event-index 3, :ctx/event-type "execute_pending_settlement"}}
{:ts "2026-08-13T23:00:35.414896510Z", :level :info, :message ":evidence-captured", :context {:type "guard-rejected", :hash "1a9a9963173b748a96ee8acceab66a811aa228dae11a3ab8b89b881342656e4e"}}
{:ts "2026-08-13T23:00:35.432086945Z", :level :info, :message ":evidence-captured", :context {:type "escrow-withdrawn", :hash "b1c95f9944b14236cf353fc120e4893b637b6676cbcbee67b8ad10e4b35cdc51"}}
{:ts "2026-08-13T23:00:35.465184165Z", :level :info, :message "scenario/end", :context {:id "s57-corruption-cost-vs-profit", :outcome :pass, :ctx/scenario-id "s57-corruption-cost-vs-profit", :ctx/run-id "s57-corruption-cost-vs-profit-run"}}
{:ts "2026-08-13T23:00:35.466409824Z", :level :info, :message "scenario/start", :context {:id "s57-corruption-cost-vs-profit", :ctx/scenario-id "s57-corruption-cost-vs-profit", :ctx/run-id "s57-corruption-cost-vs-profit-run"}}
{:ts "2026-08-13T23:00:35.487219543Z", :level :info, :message ":evidence-captured", :context {:type "escrow-created", :hash "d99b494a04663b64306997206e8457637f3c1ddc6a8e1eceffd317c656496609"}}
{:ts "2026-08-13T23:00:35.518095287Z", :level :info, :message ":evidence-captured", :context {:type "dispute-raised", :hash "39b9a0b4d813a21140f236883c676e11c62e99bcb495288cfaf952db8dd72d4e"}}
{:ts "2026-08-13T23:00:35.541626120Z", :level :debug, :message "Submitting resolution", :context {:caller "0xresolver", :workflow-id 0}}
{:ts "2026-08-13T23:00:35.565073783Z", :level :debug, :message "guard/rejected", :context {:workflow-id 0, :error :escalation-not-configured, :ctx/scenario-id "s58-watchdog-valid-challenge", :ctx/run-id "s58-watchdog-valid-challenge-run", :ctx/event-index 3, :ctx/event-type "challenge_resolution"}}
{:ts "2026-08-13T23:00:35.567576047Z", :level :info, :message ":evidence-captured", :context {:type "guard-rejected", :hash "0c797b377b62ff6a9d5a6dd3688cd89d3adf44e8973c0b990b49a7d9a556a91d"}}
{:ts "2026-08-13T23:00:35.601106849Z", :level :info, :message ":evidence-captured", :context {:type "escrow-refunded", :hash "0db12937f6e2a333ec6d235ee9827394c6f17f98c3cce4a000af9a57b6619e43"}}
{:ts "2026-08-13T23:00:35.636604939Z", :level :info, :message "scenario/end", :context {:id "s58-watchdog-valid-challenge", :outcome :pass, :ctx/scenario-id "s58-watchdog-valid-challenge", :ctx/run-id "s58-watchdog-valid-challenge-run"}}
{:ts "2026-08-13T23:00:35.637356539Z", :level :info, :message "scenario/start", :context {:id "s58-watchdog-valid-challenge", :ctx/scenario-id "s58-watchdog-valid-challenge", :ctx/run-id "s58-watchdog-valid-challenge-run"}}
{:ts "2026-08-13T23:00:35.652159390Z", :level :info, :message ":evidence-captured", :context {:type "escrow-created", :hash "c5b3cf96d5249831101e5cc0c2bce4602972b9144bf9e251650a74dcbaace8cd"}}
{:ts "2026-08-13T23:00:35.684308173Z", :level :info, :message ":evidence-captured", :context {:type "dispute-raised", :hash "b37074292d2e8844cb58ec8ac84b75ed9750e3f7214f27fef92315ddbb55890a"}}
{:ts "2026-08-13T23:00:35.707112714Z", :level :debug, :message "Submitting resolution", :context {:caller "0xresolver", :workflow-id 0}}
{:ts "2026-08-13T23:00:35.731515187Z", :level :debug, :message "guard/rejected", :context {:workflow-id 0, :error :escalation-not-configured, :ctx/scenario-id "s59-watchdog-false-challenge-loss", :ctx/run-id "s59-watchdog-false-challenge-loss-run", :ctx/event-index 3, :ctx/event-type "challenge_resolution"}}
{:ts "2026-08-13T23:00:35.733628866Z", :level :info, :message ":evidence-captured", :context {:type "guard-rejected", :hash "2712c0a0cb0ca1417a415af8fb96e95336d9d9e0b63b06d7bdc006490807d3b4"}}
{:ts "2026-08-13T23:00:35.769479512Z", :level :info, :message ":evidence-captured", :context {:type "escrow-released", :hash "49c6ccc4dcff429cc12a7841690496ba9a4aed58f16d7a758d8409d0426a420c"}}
{:ts "2026-08-13T23:00:35.799224360Z", :level :info, :message "scenario/end", :context {:id "s59-watchdog-false-challenge-loss", :outcome :pass, :ctx/scenario-id "s59-watchdog-false-challenge-loss", :ctx/run-id "s59-watchdog-false-challenge-loss-run"}}
{:ts "2026-08-13T23:00:35.800239465Z", :level :info, :message "scenario/start", :context {:id "s59-watchdog-false-challenge-loss", :ctx/scenario-id "s59-watchdog-false-challenge-loss", :ctx/run-id "s59-watchdog-false-challenge-loss-run"}}
{:ts "2026-08-13T23:00:35.818949662Z", :level :info, :message ":evidence-captured", :context {:type "escrow-created", :hash "4b9fb652045244f5a55f464cef31c2f5f1ae6974fa9759b3b09efec632c8deb4"}}
{:ts "2026-08-13T23:00:35.853359017Z", :level :info, :message ":evidence-captured", :context {:type "dispute-raised", :hash "3a3e009e14363d31b8e895cf72395471cece3a06c624da6467e4fbf5b29d54de"}}
{:ts "2026-08-13T23:00:35.891886301Z", :level :info, :message ":evidence-captured", :context {:type "escrow-refunded", :hash "32926df6b6491b1e227b409e4abf27c575e299e965c35a1cbd92f63d2d726ff7"}}
{:ts "2026-08-13T23:00:35.928530237Z", :level :info, :message ":evidence-captured", :context {:type "slashing", :hash "a5354eb553b81055a5858eef2af2b34dda40a9eb30fa9ddd1b406c3c4fd64cd7"}}
{:ts "2026-08-13T23:00:35.952153606Z", :level :info, :message "scenario/end", :context {:id "s60-resolver-abstention-timeout-griefing", :outcome :pass, :ctx/scenario-id "s60-resolver-abstention-timeout-griefing", :ctx/run-id "s60-resolver-abstention-timeout-griefing-run"}}
{:ts "2026-08-13T23:00:35.952981993Z", :level :info, :message "scenario/start", :context {:id "s60-resolver-abstention-timeout-griefing", :ctx/scenario-id "s60-resolver-abstention-timeout-griefing", :ctx/run-id "s60-resolver-abstention-timeout-griefing-run"}}
{:ts "2026-08-13T23:00:35.966435389Z", :level :info, :message ":evidence-captured", :context {:type "escrow-created", :hash "06d53ad4a2af716e0b1ebb828e4fc9cd7609ca13a16795d4690cf25494c72ac1"}}
{:ts "2026-08-13T23:00:35.996077640Z", :level :info, :message ":evidence-captured", :context {:type "dispute-raised", :hash "cc00d9c3229d8f8720410ead146962b0a4496aa1b4450fdb110f9e4917adb49b"}}
{:ts "2026-08-13T23:00:36.017121638Z", :level :debug, :message "Submitting resolution", :context {:caller "0xresolver", :workflow-id 0}}
{:ts "2026-08-13T23:00:36.059550587Z", :level :info, :message ":evidence-captured", :context {:type "escrow-released", :hash "27b480b8c422c62fe68867aae3218952d939c6d53f903fa9fa5bf8a981690f3f"}}
{:ts "2026-08-13T23:00:36.088094394Z", :level :info, :message "scenario/end", :context {:id "s61-fee-on-transfer-token-handling", :outcome :pass, :ctx/scenario-id "s61-fee-on-transfer-token-handling", :ctx/run-id "s61-fee-on-transfer-token-handling-run"}}
{:ts "2026-08-13T23:00:36.089005299Z", :level :info, :message "scenario/start", :context {:id "s61-fee-on-transfer-token-handling", :ctx/scenario-id "s61-fee-on-transfer-token-handling", :ctx/run-id "s61-fee-on-transfer-token-handling-run"}}
{:ts "2026-08-13T23:00:36.109519292Z", :level :info, :message ":evidence-captured", :context {:type "escrow-created", :hash "5a1735210bc8f9716cbd2795171f64af7566050453daed5ac34157b81f8760f8"}}
{:ts "2026-08-13T23:00:36.145934580Z", :level :info, :message ":evidence-captured", :context {:type "dispute-raised", :hash "4b276233e34310de86899308cc60693c4fe587c42d03a6ff3a8c9b37c5539228"}}
{:ts "2026-08-13T23:00:36.169628395Z", :level :debug, :message "Submitting resolution", :context {:caller "0xresolver", :workflow-id 0}}
{:ts "2026-08-13T23:00:36.183010193Z", :level :info, :message ":evidence-captured", :context {:type "escrow-refunded", :hash "45a01fe584981f3631eb6af8cc1a710467d33b284c7ee5b6b3e68962b1e3b202"}}
{:ts "2026-08-13T23:00:36.206667127Z", :level :debug, :message "guard/rejected", :context {:escrow-state :refunded, :workflow-id 0, :error :transfer-not-in-dispute, :ctx/scenario-id "s62-multi-appeal-escalation-chain", :ctx/run-id "s62-multi-appeal-escalation-chain-run", :ctx/event-index 3, :ctx/event-type "challenge_resolution"}}
{:ts "2026-08-13T23:00:36.208362255Z", :level :info, :message ":evidence-captured", :context {:type "guard-rejected", :hash "fddbf305a9f08dca6d2af30f5a20fae5b5144e193e50349c1c6c41cd1cb7f618"}}
{:ts "2026-08-13T23:00:36.220365161Z", :level :debug, :message "guard/rejected", :context {:escrow-state :refunded, :workflow-id 0, :error :transfer-not-in-dispute, :ctx/scenario-id "s62-multi-appeal-escalation-chain", :ctx/run-id "s62-multi-appeal-escalation-chain-run", :ctx/event-index 4, :ctx/event-type "escalate_dispute"}}
{:ts "2026-08-13T23:00:36.222248279Z", :level :info, :message ":evidence-captured", :context {:type "guard-rejected", :hash "9566a47f018a6dea2e8d5aafda4252c737d7525698e76c8e87c4931b7b99cc93"}}
{:ts "2026-08-13T23:00:36.234127678Z", :level :debug, :message "guard/rejected", :context {:workflow-id 0, :error :no-pending-settlement, :ctx/scenario-id "s62-multi-appeal-escalation-chain", :ctx/run-id "s62-multi-appeal-escalation-chain-run", :ctx/event-index 5, :ctx/event-type "execute_pending_settlement"}}
{:ts "2026-08-13T23:00:36.243352372Z", :level :info, :message ":evidence-captured", :context {:type "guard-rejected", :hash "85212345985ee1b5a0794f3e7c9db6c2aafacad9cb5cfec39da895ab573d5c51"}}
{:ts "2026-08-13T23:00:36.251986093Z", :level :info, :message "scenario/end", :context {:id "s62-multi-appeal-escalation-chain", :outcome :pass, :ctx/scenario-id "s62-multi-appeal-escalation-chain", :ctx/run-id "s62-multi-appeal-escalation-chain-run"}}
{:ts "2026-08-13T23:00:36.252757341Z", :level :info, :message "scenario/start", :context {:id "s62-multi-appeal-escalation-chain", :ctx/scenario-id "s62-multi-appeal-escalation-chain", :ctx/run-id "s62-multi-appeal-escalation-chain-run"}}
{:ts "2026-08-13T23:00:36.268837038Z", :level :info, :message ":evidence-captured", :context {:type "escrow-created", :hash "cf262d107f75dd2ba7227eb022519976ca39d99ce8e5c8181472822d2a260413"}}
{:ts "2026-08-13T23:00:36.306260938Z", :level :info, :message ":evidence-captured", :context {:type "escrow-created", :hash "05add4ec34e0c93dedf9bb81d8f5a41a45f1f9fb440a039c1916ac7354f5cf7a"}}
{:ts "2026-08-13T23:00:36.352292159Z", :level :info, :message ":evidence-captured", :context {:type "escrow-created", :hash "5886f4edc308821e2f07b4f48a1015b834453e65c9675a35bf7ae20b1323c968"}}
{:ts "2026-08-13T23:00:36.397037165Z", :level :info, :message ":evidence-captured", :context {:type "dispute-raised", :hash "0707fa0cef5ae4dabd6cf9455f86c4dc599598578274f06d219089b085921471"}}
{:ts "2026-08-13T23:00:36.447114428Z", :level :info, :message ":evidence-captured", :context {:type "dispute-raised", :hash "ac14bd54fdcc65bd63e224bce0c9237097e26052d889cba0ecc98e2856ad6a61"}}
{:ts "2026-08-13T23:00:36.497204044Z", :level :info, :message ":evidence-captured", :context {:type "dispute-raised", :hash "7f43691743d42a2eee28b23638bddee7e814cb5db18cfeae05bf6d7d50ee31f0"}}
{:ts "2026-08-13T23:00:36.533373842Z", :level :debug, :message "Submitting resolution", :context {:caller "0xresolver", :workflow-id 1}}
{:ts "2026-08-13T23:00:36.553182894Z", :level :info, :message ":evidence-captured", :context {:type "escrow-released", :hash "5e865ddef7ad8164d831f3ef02c8ef0a87870f743453a1afb5969a5e5870ed95"}}
{:ts "2026-08-13T23:00:36.594442723Z", :level :debug, :message "Submitting resolution", :context {:caller "0xresolver", :workflow-id 0}}
{:ts "2026-08-13T23:00:36.615042821Z", :level :info, :message ":evidence-captured", :context {:type "escrow-refunded", :hash "4765dc7936f458fb641d297e560f52e14e6afb786f8042e6a0a2b67b81013cfa"}}
{:ts "2026-08-13T23:00:36.662199237Z", :level :debug, :message "Submitting resolution", :context {:caller "0xresolver", :workflow-id 2}}
{:ts "2026-08-13T23:00:36.682411382Z", :level :info, :message ":evidence-captured", :context {:type "escrow-released", :hash "147a698182e0e779d6d51719365ee2ba6e1b82c77e47f4e5c857d5a3cb81d565"}}
{:ts "2026-08-13T23:00:36.732507130Z", :level :debug, :message "guard/rejected", :context {:workflow-id 1, :error :no-pending-settlement, :ctx/scenario-id "s62-cross-token-isolation-under-dispute-load", :ctx/run-id "s62-cross-token-isolation-under-dispute-load-run", :ctx/event-index 9, :ctx/event-type "execute_pending_settlement"}}
{:ts "2026-08-13T23:00:36.734885226Z", :level :info, :message ":evidence-captured", :context {:type "guard-rejected", :hash "a6088867d3050c7496cfa87987c5cfad0a3284018c60c23cab046653bfbfb5f9"}}
{:ts "2026-08-13T23:00:36.760269920Z", :level :debug, :message "guard/rejected", :context {:workflow-id 0, :error :no-pending-settlement, :ctx/scenario-id "s62-cross-token-isolation-under-dispute-load", :ctx/run-id "s62-cross-token-isolation-under-dispute-load-run", :ctx/event-index 10, :ctx/event-type "execute_pending_settlement"}}
{:ts "2026-08-13T23:00:36.762488982Z", :level :info, :message ":evidence-captured", :context {:type "guard-rejected", :hash "5611ccbd5f7e6a7db10d47203b4d0b5c51a036e555e797c906d4317c87946dec"}}
{:ts "2026-08-13T23:00:36.796630313Z", :level :debug, :message "guard/rejected", :context {:workflow-id 2, :error :no-pending-settlement, :ctx/scenario-id "s62-cross-token-isolation-under-dispute-load", :ctx/run-id "s62-cross-token-isolation-under-dispute-load-run", :ctx/event-index 11, :ctx/event-type "execute_pending_settlement"}}
{:ts "2026-08-13T23:00:36.798604796Z", :level :info, :message ":evidence-captured", :context {:type "guard-rejected", :hash "6c495849f986f500375da9b56b0fbd53654a6c7967e3244b6ed1dc590dfa611d"}}
{:ts "2026-08-13T23:00:36.816556108Z", :level :info, :message "scenario/end", :context {:id "s62-cross-token-isolation-under-dispute-load", :outcome :pass, :ctx/scenario-id "s62-cross-token-isolation-under-dispute-load", :ctx/run-id "s62-cross-token-isolation-under-dispute-load-run"}}
{:ts "2026-08-13T23:00:36.819506251Z", :level :info, :message "scenario/start", :context {:id "s62-cross-token-isolation-under-dispute-load", :ctx/scenario-id "s62-cross-token-isolation-under-dispute-load", :ctx/run-id "s62-cross-token-isolation-under-dispute-load-run"}}
{:ts "2026-08-13T23:00:36.835619332Z", :level :info, :message ":evidence-captured", :context {:type "escrow-created", :hash "b5ff5e48f87d0e35ade589b51ddd54983b2c9c1e6b98694399aa7349b01d93e2"}}
{:ts "2026-08-13T23:00:36.873935461Z", :level :info, :message ":evidence-captured", :context {:type "escrow-created", :hash "c0828b1329f59ff09536f277d615c7af57bd18d27f39115e529f213a52388fa3"}}
{:ts "2026-08-13T23:00:36.916057803Z", :level :info, :message ":evidence-captured", :context {:type "dispute-raised", :hash "5f34a18e686fe72e075a0214435145e677fd6677add99a135bb78af5d9dc5394"}}
{:ts "2026-08-13T23:00:36.953049725Z", :level :info, :message ":evidence-captured", :context {:type "dispute-raised", :hash "0a825d97124e95ec17abbda40b0cffa6511c4595924743684fbe45ceb4ae7621"}}
{:ts "2026-08-13T23:00:36.979565026Z", :level :debug, :message "Submitting resolution", :context {:caller "0xresolver", :workflow-id 0}}
{:ts "2026-08-13T23:00:36.992382613Z", :level :info, :message ":evidence-captured", :context {:type "escrow-refunded", :hash "fba08e5dd86fce362ec25723ab6205de0feb72b7a2c54d576c20abb33b17024e"}}
{:ts "2026-08-13T23:00:37.024978313Z", :level :debug, :message "guard/rejected", :context {:escrow-state :refunded, :workflow-id 0, :error :transfer-not-in-dispute, :ctx/scenario-id "s62-cross-token-fee-on-transfer-under-dispute-load", :ctx/run-id "s62-cross-token-fee-on-transfer-under-dispute-load-run", :ctx/event-index 5, :ctx/event-type "challenge_resolution"}}
{:ts "2026-08-13T23:00:37.027006318Z", :level :info, :message ":evidence-captured", :context {:type "guard-rejected", :hash "b59d9faf2c3af46bb502b0b0ce4bced6534d297d44b3796227d8fe546286f56d"}}
{:ts "2026-08-13T23:00:37.042795819Z", :level :debug, :message "guard/rejected", :context {:escrow-state :refunded, :workflow-id 0, :error :transfer-not-in-dispute, :ctx/scenario-id "s62-cross-token-fee-on-transfer-under-dispute-load", :ctx/run-id "s62-cross-token-fee-on-transfer-under-dispute-load-run", :ctx/event-index 6, :ctx/event-type "escalate_dispute"}}
{:ts "2026-08-13T23:00:37.045624339Z", :level :info, :message ":evidence-captured", :context {:type "guard-rejected", :hash "0878269d9a1f5f8fe4c80387089d4250fcb3b720ab11147f2b391a7745706146"}}
{:ts "2026-08-13T23:00:37.062215275Z", :level :debug, :message "Submitting resolution", :context {:caller "0xresolver", :workflow-id 1}}
{:ts "2026-08-13T23:00:37.077110733Z", :level :info, :message ":evidence-captured", :context {:type "escrow-released", :hash "45d05c9e2436dbd17be0d9a5367502580c0542cc06f00e7216e24f3afe4c3334"}}
{:ts "2026-08-13T23:00:37.114246251Z", :level :debug, :message "guard/rejected", :context {:workflow-id 1, :error :no-pending-settlement, :ctx/scenario-id "s62-cross-token-fee-on-transfer-under-dispute-load", :ctx/run-id "s62-cross-token-fee-on-transfer-under-dispute-load-run", :ctx/event-index 8, :ctx/event-type "execute_pending_settlement"}}
{:ts "2026-08-13T23:00:37.116302951Z", :level :info, :message ":evidence-captured", :context {:type "guard-rejected", :hash "369ff9917d3dbd4c86059e1a7fd641cac37f688d03f89fde8a164f08aa75cd85"}}
{:ts "2026-08-13T23:00:37.133940813Z", :level :debug, :message "guard/rejected", :context {:workflow-id 0, :error :no-pending-settlement, :ctx/scenario-id "s62-cross-token-fee-on-transfer-under-dispute-load", :ctx/run-id "s62-cross-token-fee-on-transfer-under-dispute-load-run", :ctx/event-index 9, :ctx/event-type "execute_pending_settlement"}}
{:ts "2026-08-13T23:00:37.136053892Z", :level :info, :message ":evidence-captured", :context {:type "guard-rejected", :hash "6a0950f3fc85e434c9c45f425150098ab410c3474df3ee414d2ee69033b9086d"}}
{:ts "2026-08-13T23:00:37.146501819Z", :level :info, :message "scenario/end", :context {:id "s62-cross-token-fee-on-transfer-under-dispute-load", :outcome :pass, :ctx/scenario-id "s62-cross-token-fee-on-transfer-under-dispute-load", :ctx/run-id "s62-cross-token-fee-on-transfer-under-dispute-load-run"}}
{:ts "2026-08-13T23:00:37.147333362Z", :level :info, :message "scenario/start", :context {:id "s62-cross-token-fee-on-transfer-under-dispute-load", :ctx/scenario-id "s62-cross-token-fee-on-transfer-under-dispute-load", :ctx/run-id "s62-cross-token-fee-on-transfer-under-dispute-load-run"}}
{:ts "2026-08-13T23:00:37.161389262Z", :level :info, :message ":evidence-captured", :context {:type "escrow-created", :hash "cd94d6cbe927f3b9b938e1761d4b91fcaa573eb2917723c200061bf7c6725e14"}}
{:ts "2026-08-13T23:00:37.193537785Z", :level :info, :message ":evidence-captured", :context {:type "escrow-created", :hash "7e613f5a16073cbc67cb7960593f00c151d3ef8eede7a683dddb4d72b6bedaec"}}
{:ts "2026-08-13T23:00:37.230264239Z", :level :info, :message ":evidence-captured", :context {:type "dispute-raised", :hash "a538c395777e7c20c9d3d7fc86f95324cf6003c1db6cd8dcb0c275b44e868229"}}
{:ts "2026-08-13T23:00:37.267952736Z", :level :info, :message ":evidence-captured", :context {:type "dispute-raised", :hash "a37ad6d8217204832a954d695d887bc64756e9823cd4c2883879ce2de014ffea"}}
{:ts "2026-08-13T23:00:37.293039359Z", :level :debug, :message "Submitting resolution", :context {:caller "0xl0", :workflow-id 1}}
{:ts "2026-08-13T23:00:37.307837120Z", :level :info, :message ":evidence-captured", :context {:type "escrow-released", :hash "ee4199ea5d61fb77ebae5ad547cf226250b4f7926ffbcee2616ebdf97ff5c71b"}}
{:ts "2026-08-13T23:00:37.347402283Z", :level :debug, :message "Submitting resolution", :context {:caller "0xl0", :workflow-id 0}}
{:ts "2026-08-13T23:00:37.362995878Z", :level :info, :message ":evidence-captured", :context {:type "escrow-refunded", :hash "a7e0d54adda8b69dd7a8aaa4d1674a7759b9d1de3aa7b50197e74d39d2fcaefe"}}
{:ts "2026-08-13T23:00:37.409388592Z", :level :debug, :message "guard/rejected", :context {:escrow-state :refunded, :workflow-id 0, :error :transfer-not-in-dispute, :ctx/scenario-id "s62-cross-token-parallel-appeal-depths-under-dispute-load", :ctx/run-id "s62-cross-token-parallel-appeal-depths-under-dispute-load-run", :ctx/event-index 6, :ctx/event-type "challenge_resolution"}}
{:ts "2026-08-13T23:00:37.412546592Z", :level :info, :message ":evidence-captured", :context {:type "guard-rejected", :hash "81851f9c6581b51eebec3ca189d4051c45bded29166d220884b418ecd35c2958"}}
{:ts "2026-08-13T23:00:37.429338093Z", :level :debug, :message "guard/rejected", :context {:escrow-state :refunded, :workflow-id 0, :error :transfer-not-in-dispute, :ctx/scenario-id "s62-cross-token-parallel-appeal-depths-under-dispute-load", :ctx/run-id "s62-cross-token-parallel-appeal-depths-under-dispute-load-run", :ctx/event-index 7, :ctx/event-type "escalate_dispute"}}
{:ts "2026-08-13T23:00:37.431796593Z", :level :info, :message ":evidence-captured", :context {:type "guard-rejected", :hash "5f1a65be3380252ba9ac949ec845f2ebc634ecbb16fcd71f125139ef48b4253c"}}
{:ts "2026-08-13T23:00:37.449753286Z", :level :debug, :message "guard/rejected", :context {:escrow-state :refunded, :workflow-id 0, :error :transfer-not-in-dispute, :ctx/scenario-id "s62-cross-token-parallel-appeal-depths-under-dispute-load", :ctx/run-id "s62-cross-token-parallel-appeal-depths-under-dispute-load-run", :ctx/event-index 8, :ctx/event-type "execute_resolution"}}
{:ts "2026-08-13T23:00:37.451562532Z", :level :info, :message ":evidence-captured", :context {:type "guard-rejected", :hash "b52337b4f8fdb76e9c372aaa02c8bff40553d1a23400c9e2e45112f9c7e85662"}}
{:ts "2026-08-13T23:00:37.468304087Z", :level :debug, :message "guard/rejected", :context {:workflow-id 1, :error :no-pending-settlement, :ctx/scenario-id "s62-cross-token-parallel-appeal-depths-under-dispute-load", :ctx/run-id "s62-cross-token-parallel-appeal-depths-under-dispute-load-run", :ctx/event-index 9, :ctx/event-type "execute_pending_settlement"}}
{:ts "2026-08-13T23:00:37.470304700Z", :level :info, :message ":evidence-captured", :context {:type "guard-rejected", :hash "07b51d73a8b4be1fca38f03b50882d259ec6fa0d53b669b176f15650605f84a3"}}
{:ts "2026-08-13T23:00:37.485477420Z", :level :debug, :message "guard/rejected", :context {:workflow-id 0, :error :no-pending-settlement, :ctx/scenario-id "s62-cross-token-parallel-appeal-depths-under-dispute-load", :ctx/run-id "s62-cross-token-parallel-appeal-depths-under-dispute-load-run", :ctx/event-index 10, :ctx/event-type "execute_pending_settlement"}}
{:ts "2026-08-13T23:00:37.487556122Z", :level :info, :message ":evidence-captured", :context {:type "guard-rejected", :hash "a59101dcee5e94bf1efad6d5b44b82361d3248b1071935bed05d12bba0d49bb9"}}
{:ts "2026-08-13T23:00:37.499183078Z", :level :info, :message "scenario/end", :context {:id "s62-cross-token-parallel-appeal-depths-under-dispute-load", :outcome :pass, :ctx/scenario-id "s62-cross-token-parallel-appeal-depths-under-dispute-load", :ctx/run-id "s62-cross-token-parallel-appeal-depths-under-dispute-load-run"}}
{:ts "2026-08-13T23:00:37.500003330Z", :level :info, :message "scenario/start", :context {:id "s62-cross-token-parallel-appeal-depths-under-dispute-load", :ctx/scenario-id "s62-cross-token-parallel-appeal-depths-under-dispute-load", :ctx/run-id "s62-cross-token-parallel-appeal-depths-under-dispute-load-run"}}
{:ts "2026-08-13T23:00:37.504866567Z", :level :debug, :message "set-resolver-capacity", :context {:resolver "0xresolver", :max-concurrent 2, :ctx/scenario-id "s62-resolver-capacity-concurrent-dispute-load", :ctx/run-id "s62-resolver-capacity-concurrent-dispute-load-run", :ctx/event-index 0, :ctx/event-type "set_resolver_capacity"}}
{:ts "2026-08-13T23:00:37.528664091Z", :level :info, :message ":evidence-captured", :context {:type "escrow-created", :hash "b2ac4e90a567a6bf13dec74f2ef38c7787acb4857136a1db305c4e40444dac3a"}}
{:ts "2026-08-13T23:00:37.558443104Z", :level :info, :message ":evidence-captured", :context {:type "escrow-created", :hash "83ac1da7f77623469ce4e1377efc9f2629e68fe4abd62b60e2538f909856ab5b"}}
{:ts "2026-08-13T23:00:37.595863798Z", :level :info, :message ":evidence-captured", :context {:type "escrow-created", :hash "0840058d2bb81fc8575a6f79b7a1187953b7bbcdbe3886a8c3ce1e566cd26a87"}}
{:ts "2026-08-13T23:00:37.636558194Z", :level :info, :message ":evidence-captured", :context {:type "dispute-raised", :hash "dbea70dd1212ff705d57cb04bb8720ac9736726976a21bd112356f2bb8fdfd69"}}
{:ts "2026-08-13T23:00:37.679994804Z", :level :info, :message ":evidence-captured", :context {:type "dispute-raised", :hash "a798ce9414ff94e5e2b9d872f49b2b7cd1f40f743ffc32232930980b5cdc4be9"}}
{:ts "2026-08-13T23:00:37.725051889Z", :level :debug, :message "Submitting resolution", :context {:caller "0xresolver", :workflow-id 0}}
{:ts "2026-08-13T23:00:37.739962395Z", :level :info, :message ":evidence-captured", :context {:type "escrow-released", :hash "02fcece507952581671d45adec524a476a1f7bea8794eacb7e33cee83ea3e991"}}
{:ts "2026-08-13T23:00:37.775037355Z", :level :debug, :message "guard/rejected", :context {:workflow-id 0, :error :no-pending-settlement, :ctx/scenario-id "s62-resolver-capacity-concurrent-dispute-load", :ctx/run-id "s62-resolver-capacity-concurrent-dispute-load-run", :ctx/event-index 8, :ctx/event-type "execute_pending_settlement"}}
{:ts "2026-08-13T23:00:37.776834709Z", :level :info, :message ":evidence-captured", :context {:type "guard-rejected", :hash "965f1a7a2b28d6f5c5a1bfb4954c3ed8db50c9a389a7920c5cdf7bc5712fad71"}}
{:ts "2026-08-13T23:00:37.811437163Z", :level :info, :message ":evidence-captured", :context {:type "dispute-raised", :hash "378e2024face335ef511edde2e763b7589a6beabed81162f3db603b6330453b0"}}
{:ts "2026-08-13T23:00:37.852590529Z", :level :debug, :message "Submitting resolution", :context {:caller "0xresolver", :workflow-id 1}}
{:ts "2026-08-13T23:00:37.871577897Z", :level :info, :message ":evidence-captured", :context {:type "escrow-refunded", :hash "24cf03288504ab0f1d77baee9ef15b3ec0fb8e00736cc1916d462f05184f776a"}}
{:ts "2026-08-13T23:00:37.912070757Z", :level :debug, :message "Submitting resolution", :context {:caller "0xresolver", :workflow-id 2}}
{:ts "2026-08-13T23:00:37.930541314Z", :level :info, :message ":evidence-captured", :context {:type "escrow-released", :hash "15ec5da1d54c6959d3a1329a9d3766d95df76e68a8d7c6bf6aee3c602f748d70"}}
{:ts "2026-08-13T23:00:37.980125763Z", :level :debug, :message "guard/rejected", :context {:workflow-id 1, :error :no-pending-settlement, :ctx/scenario-id "s62-resolver-capacity-concurrent-dispute-load", :ctx/run-id "s62-resolver-capacity-concurrent-dispute-load-run", :ctx/event-index 12, :ctx/event-type "execute_pending_settlement"}}
{:ts "2026-08-13T23:00:37.982360514Z", :level :info, :message ":evidence-captured", :context {:type "guard-rejected", :hash "0fc8314c1655c4d8702db9f68ffa69c073bba177b0987d65386b67b9e3fba839"}}
{:ts "2026-08-13T23:00:38.005793169Z", :level :debug, :message "guard/rejected", :context {:workflow-id 2, :error :no-pending-settlement, :ctx/scenario-id "s62-resolver-capacity-concurrent-dispute-load", :ctx/run-id "s62-resolver-capacity-concurrent-dispute-load-run", :ctx/event-index 13, :ctx/event-type "execute_pending_settlement"}}
{:ts "2026-08-13T23:00:38.008328376Z", :level :info, :message ":evidence-captured", :context {:type "guard-rejected", :hash "ee9832899c57af5053a667417260f281907948b4dd212fd6a9bdaebf9ebaf350"}}
{:ts "2026-08-13T23:00:38.023082283Z", :level :info, :message "scenario/end", :context {:id "s62-resolver-capacity-concurrent-dispute-load", :outcome :pass, :ctx/scenario-id "s62-resolver-capacity-concurrent-dispute-load", :ctx/run-id "s62-resolver-capacity-concurrent-dispute-load-run"}}
{:ts "2026-08-13T23:00:38.023876074Z", :level :info, :message "scenario/start", :context {:id "s62-resolver-capacity-concurrent-dispute-load", :ctx/scenario-id "s62-resolver-capacity-concurrent-dispute-load", :ctx/run-id "s62-resolver-capacity-concurrent-dispute-load-run"}}
{:ts "2026-08-13T23:00:38.037569589Z", :level :info, :message ":evidence-captured", :context {:type "escrow-created", :hash "39effd79fe8ec02ab1d428f5785dedb2056523de9740ba13874f344e68f402ad"}}
{:ts "2026-08-13T23:00:38.066658179Z", :level :info, :message ":evidence-captured", :context {:type "dispute-raised", :hash "b25fdb66d26a72e9772afa99ff03402c7a811d874410168cfe553b83d5a0a70e"}}
{:ts "2026-08-13T23:00:38.087361886Z", :level :debug, :message "Submitting resolution", :context {:caller "0xresolver", :workflow-id 0}}
{:ts "2026-08-13T23:00:38.130740364Z", :level :info, :message ":evidence-captured", :context {:type "escrow-released", :hash "4b12577970671beea52465f1b860cb7e8c5ff1b95fe0a8ce9a81fc571972b6d9"}}
{:ts "2026-08-13T23:00:38.152154571Z", :level :info, :message "scenario/end", :context {:id "s63-frivolous-appeal-slashing", :outcome :pass, :ctx/scenario-id "s63-frivolous-appeal-slashing", :ctx/run-id "s63-frivolous-appeal-slashing-run"}}
{:ts "2026-08-13T23:00:38.152925278Z", :level :info, :message "scenario/start", :context {:id "s63-frivolous-appeal-slashing", :ctx/scenario-id "s63-frivolous-appeal-slashing", :ctx/run-id "s63-frivolous-appeal-slashing-run"}}
{:ts "2026-08-13T23:00:38.165503456Z", :level :info, :message ":evidence-captured", :context {:type "escrow-created", :hash "d29ee9f1d4069503b1d6082f3f93b40ede7e857826ea82e0efde2bec1f7b26fb"}}
{:ts "2026-08-13T23:00:38.192947326Z", :level :info, :message ":evidence-captured", :context {:type "dispute-raised", :hash "9274f912ce055e788de70a658012009de21c95013b4a836ade893901ed88c30c"}}
{:ts "2026-08-13T23:00:38.216184626Z", :level :debug, :message "Submitting resolution", :context {:caller "0xresolver", :workflow-id 0}}
{:ts "2026-08-13T23:00:38.231600391Z", :level :info, :message ":evidence-captured", :context {:type "escrow-released", :hash "342a6ebe0777c73c024e18fc04208617a9b85975696849161f0f4d9bd9074a11"}}
{:ts "2026-08-13T23:00:38.262223632Z", :level :debug, :message "guard/rejected", :context {:workflow-id 0, :error :no-pending-settlement, :ctx/scenario-id "s64-minimal-bond-edge-case", :ctx/run-id "s64-minimal-bond-edge-case-run", :ctx/event-index 3, :ctx/event-type "execute_pending_settlement"}}
{:ts "2026-08-13T23:00:38.264113663Z", :level :info, :message ":evidence-captured", :context {:type "guard-rejected", :hash "b19c99db7d10ef1cce34e194ea056b09ed589d3900cac37603f43deece76b6ac"}}
{:ts "2026-08-13T23:00:38.271340218Z", :level :info, :message "scenario/end", :context {:id "s64-minimal-bond-edge-case", :outcome :pass, :ctx/scenario-id "s64-minimal-bond-edge-case", :ctx/run-id "s64-minimal-bond-edge-case-run"}}
{:ts "2026-08-13T23:00:38.272084684Z", :level :info, :message "scenario/start", :context {:id "s64-minimal-bond-edge-case", :ctx/scenario-id "s64-minimal-bond-edge-case", :ctx/run-id "s64-minimal-bond-edge-case-run"}}
{:ts "2026-08-13T23:00:38.285481121Z", :level :info, :message ":evidence-captured", :context {:type "escrow-created", :hash "efb809f59c6f5d157b70d017fc612021820ed14d0755194af9e1db3633876bb3"}}
{:ts "2026-08-13T23:00:38.318650209Z", :level :info, :message ":evidence-captured", :context {:type "dispute-raised", :hash "b44e4020f942e9d70326f0290a342f3ff1a63111e33241fd57d5c9eabae0bb80"}}
{:ts "2026-08-13T23:00:38.342050932Z", :level :debug, :message "Submitting resolution", :context {:caller "0xresolver", :workflow-id 0}}
{:ts "2026-08-13T23:00:38.383861637Z", :level :info, :message ":evidence-captured", :context {:type "escrow-released", :hash "f9dbe0b54d5570a20b9bf210eecde4dbf939afe7a5091ccc7cf3fdff18502110"}}
{:ts "2026-08-13T23:00:38.418656671Z", :level :info, :message "scenario/end", :context {:id "s65-appeal-after-settlement-rejected", :outcome :pass, :ctx/scenario-id "s65-appeal-after-settlement-rejected", :ctx/run-id "s65-appeal-after-settlement-rejected-run"}}
{:ts "2026-08-13T23:00:38.419476682Z", :level :info, :message "scenario/start", :context {:id "s65-appeal-after-settlement-rejected", :ctx/scenario-id "s65-appeal-after-settlement-rejected", :ctx/run-id "s65-appeal-after-settlement-rejected-run"}}
{:ts "2026-08-13T23:00:38.433603337Z", :level :info, :message ":evidence-captured", :context {:type "escrow-created", :hash "5a75bb28aac922f45664314128359ccb1c1f5512d41dec532a448a62a6695367"}}
{:ts "2026-08-13T23:00:38.462134389Z", :level :info, :message ":evidence-captured", :context {:type "dispute-raised", :hash "9b06360983a9709ee9b6cd0c6c26dfcffd318887fdaae07754e358daf6f50fc1"}}
{:ts "2026-08-13T23:00:38.481778906Z", :level :debug, :message "Submitting resolution", :context {:caller "0xresolver", :workflow-id 0}}
{:ts "2026-08-13T23:00:38.515618950Z", :level :info, :message ":evidence-captured", :context {:type "escrow-released", :hash "358d203d37dd3f5a0715ffb6cb5d7009f9dccf5fc191f4204ffd3b7a4d50a16b"}}
{:ts "2026-08-13T23:00:38.541825449Z", :level :debug, :message "guard/rejected", :context {:workflow-id 0, :error :no-pending-settlement, :ctx/scenario-id "s68-double-settlement-guard", :ctx/run-id "s68-double-settlement-guard-run", :ctx/event-index 4, :ctx/event-type "execute_pending_settlement"}}
{:ts "2026-08-13T23:00:38.543655014Z", :level :info, :message ":evidence-captured", :context {:type "guard-rejected", :hash "c53bcb098c9df40656f444ba55b30e05d1108c2199916b10b13afc243042cf24"}}
{:ts "2026-08-13T23:00:38.550400888Z", :level :info, :message "scenario/end", :context {:id "s68-double-settlement-guard", :outcome :pass, :ctx/scenario-id "s68-double-settlement-guard", :ctx/run-id "s68-double-settlement-guard-run"}}
{:ts "2026-08-13T23:00:38.551090850Z", :level :info, :message "scenario/start", :context {:id "s68-double-settlement-guard", :ctx/scenario-id "s68-double-settlement-guard", :ctx/run-id "s68-double-settlement-guard-run"}}
{:ts "2026-08-13T23:00:38.564387956Z", :level :info, :message ":evidence-captured", :context {:type "escrow-created", :hash "a5ea50424b903b835365918068caef893b610ade9ec081e90f8725cbe79b282c"}}
{:ts "2026-08-13T23:00:38.595782745Z", :level :info, :message ":evidence-captured", :context {:type "dispute-raised", :hash "f032a17e1139b940107520f5b5183744f8d3adf25d567b8985288567ed025502"}}
{:ts "2026-08-13T23:00:38.615231697Z", :level :debug, :message "Submitting resolution", :context {:caller "0xresolver", :workflow-id 0}}
{:ts "2026-08-13T23:00:38.657530617Z", :level :info, :message ":evidence-captured", :context {:type "escrow-released", :hash "ad59dfafeb52d4b0f2c1076894505c13438715d27927822c20282adc257b1126"}}
{:ts "2026-08-13T23:00:38.677397791Z", :level :info, :message "scenario/end", :context {:id "s69-stale-dispute-cleanup", :outcome :pass, :ctx/scenario-id "s69-stale-dispute-cleanup", :ctx/run-id "s69-stale-dispute-cleanup-run"}}
{:ts "2026-08-13T23:00:38.678140614Z", :level :info, :message "scenario/start", :context {:id "s69-stale-dispute-cleanup", :ctx/scenario-id "s69-stale-dispute-cleanup", :ctx/run-id "s69-stale-dispute-cleanup-run"}}
{:ts "2026-08-13T23:00:38.692790051Z", :level :info, :message ":evidence-captured", :context {:type "escrow-created", :hash "7b1afcc2e56cee04530b36a804eaf3dcd08d1b278a098f0971f2f8923339be62"}}
{:ts "2026-08-13T23:00:38.721936432Z", :level :info, :message ":evidence-captured", :context {:type "dispute-raised", :hash "65cb2f4bd37070a0d60c29335b45f7cf79a7be2d245232d53d9569fe82f2dfae"}}
{:ts "2026-08-13T23:00:38.744637555Z", :level :debug, :message "Submitting resolution", :context {:caller "0xresolver", :workflow-id 0}}
{:ts "2026-08-13T23:00:38.755885515Z", :level :info, :message ":evidence-captured", :context {:type "escrow-released", :hash "2d3807f387502e39304eb099938762d25d60384df8b3394b55492a0e41ba465f"}}
{:ts "2026-08-13T23:00:38.783490623Z", :level :debug, :message "guard/rejected", :context {:workflow-id 0, :error :no-pending-settlement, :ctx/scenario-id "s70-large-escrow-resolution", :ctx/run-id "s70-large-escrow-resolution-run", :ctx/event-index 3, :ctx/event-type "execute_pending_settlement"}}
{:ts "2026-08-13T23:00:38.785515944Z", :level :info, :message ":evidence-captured", :context {:type "guard-rejected", :hash "759b1fea46b8838ce31da201d7ffc10487b8bb86b9c701913447181209641dad"}}
{:ts "2026-08-13T23:00:38.792772576Z", :level :info, :message "scenario/end", :context {:id "s70-large-escrow-resolution", :outcome :pass, :ctx/scenario-id "s70-large-escrow-resolution", :ctx/run-id "s70-large-escrow-resolution-run"}}
{:ts "2026-08-13T23:00:38.793545527Z", :level :info, :message "scenario/start", :context {:id "s70-large-escrow-resolution", :ctx/scenario-id "s70-large-escrow-resolution", :ctx/run-id "s70-large-escrow-resolution-run"}}
{:ts "2026-08-13T23:00:38.810258989Z", :level :info, :message ":evidence-captured", :context {:type "escrow-created", :hash "b934b237512aed48ab2c3117f34b5fa631116f52c3b512d0df075c3718f3bda2"}}
{:ts "2026-08-13T23:00:38.843800540Z", :level :info, :message ":evidence-captured", :context {:type "dispute-raised", :hash "6ef0f0eacbafe1d1c1535726291674f9e954a09dafdb2794e8c96686118da64b"}}
{:ts "2026-08-13T23:00:38.866156702Z", :level :debug, :message "Submitting resolution", :context {:caller "0xresolver", :workflow-id 0}}
{:ts "2026-08-13T23:00:38.901963625Z", :level :info, :message ":evidence-captured", :context {:type "escrow-released", :hash "ab8c1c4a371dd57c30d6cf4fdd57e6b63bd6aa7420425941e5f141a38fc8e3c1"}}
{:ts "2026-08-13T23:00:38.926850405Z", :level :info, :message "scenario/end", :context {:id "s71-zero-fee-settlement", :outcome :pass, :ctx/scenario-id "s71-zero-fee-settlement", :ctx/run-id "s71-zero-fee-settlement-run"}}
{:ts "2026-08-13T23:00:38.927759487Z", :level :info, :message "scenario/start", :context {:id "s71-zero-fee-settlement", :ctx/scenario-id "s71-zero-fee-settlement", :ctx/run-id "s71-zero-fee-settlement-run"}}
{:ts "2026-08-13T23:00:38.940264255Z", :level :info, :message ":evidence-captured", :context {:type "escrow-created", :hash "3ce7bf930766c73a5c48908d1cf2dfeb1baf8b93e0ce67d568fd1d9c3ab1a5ad"}}
{:ts "2026-08-13T23:00:38.973388417Z", :level :info, :message ":evidence-captured", :context {:type "dispute-raised", :hash "c82ef840c532eaf8196c98e032c5b0c73e0aca39e4ed793e7fb5cd7fbb141cb4"}}
{:ts "2026-08-13T23:00:38.998682999Z", :level :debug, :message "Submitting resolution", :context {:caller "0xresolver", :workflow-id 0}}
{:ts "2026-08-13T23:00:39.022673883Z", :level :debug, :message "guard/rejected", :context {:workflow-id 0, :error :escalation-not-configured, :ctx/scenario-id "s72-challenge-during-appeal-window", :ctx/run-id "s72-challenge-during-appeal-window-run", :ctx/event-index 3, :ctx/event-type "challenge_resolution"}}
{:ts "2026-08-13T23:00:39.025008375Z", :level :info, :message ":evidence-captured", :context {:type "guard-rejected", :hash "0a5868df587d30c4b3b02c84257460d8c097ce7014bc584241704398c8e0d235"}}
{:ts "2026-08-13T23:00:39.060889940Z", :level :info, :message ":evidence-captured", :context {:type "escrow-refunded", :hash "fafa85445834a5d963a9c4faa91550fdf01ea872dff344dfe7e2b4ca2a370d13"}}
{:ts "2026-08-13T23:00:39.084538679Z", :level :info, :message "scenario/end", :context {:id "s72-challenge-during-appeal-window", :outcome :pass, :ctx/scenario-id "s72-challenge-during-appeal-window", :ctx/run-id "s72-challenge-during-appeal-window-run"}}
{:ts "2026-08-13T23:00:39.085202431Z", :level :info, :message "scenario/start", :context {:id "s72-challenge-during-appeal-window", :ctx/scenario-id "s72-challenge-during-appeal-window", :ctx/run-id "s72-challenge-during-appeal-window-run"}}
{:ts "2026-08-13T23:00:39.098351974Z", :level :info, :message ":evidence-captured", :context {:type "escrow-created", :hash "8652378b044ebd4d9fad443904626b5fc975c126c14d25cf5f6fa9ed3e8e374c"}}
{:ts "2026-08-13T23:00:39.127488797Z", :level :info, :message ":evidence-captured", :context {:type "dispute-raised", :hash "55ed0513c0bb8550cdb2f2fc9da7a8edb83f4dfa2f101bef6a1a538d76587988"}}
{:ts "2026-08-13T23:00:39.148730794Z", :level :debug, :message "Submitting resolution", :context {:caller "0xresolver", :workflow-id 0}}
{:ts "2026-08-13T23:00:39.181370107Z", :level :info, :message ":evidence-captured", :context {:type "escrow-released", :hash "6deebfe4f7308e9ae0fcd26623c78f68d50a8bd0be80bd2da78f7858d1ad694e"}}
{:ts "2026-08-13T23:00:39.205356232Z", :level :debug, :message "guard/rejected", :context {:escrow-state :released, :workflow-id 0, :error :transfer-not-in-dispute, :ctx/scenario-id "s73-challenge-after-appeal-window-closed", :ctx/run-id "s73-challenge-after-appeal-window-closed-run", :ctx/event-index 4, :ctx/event-type "challenge_resolution"}}
{:ts "2026-08-13T23:00:39.207337648Z", :level :info, :message ":evidence-captured", :context {:type "guard-rejected", :hash "fe1266471294c0a08264237a17ca83d81e78372eb4b93da67d8f64dc68cef06a"}}
{:ts "2026-08-13T23:00:39.214682651Z", :level :info, :message "scenario/end", :context {:id "s73-challenge-after-appeal-window-closed", :outcome :pass, :ctx/scenario-id "s73-challenge-after-appeal-window-closed", :ctx/run-id "s73-challenge-after-appeal-window-closed-run"}}
{:ts "2026-08-13T23:00:39.215622421Z", :level :info, :message "scenario/start", :context {:id "s73-challenge-after-appeal-window-closed", :ctx/scenario-id "s73-challenge-after-appeal-window-closed", :ctx/run-id "s73-challenge-after-appeal-window-closed-run"}}
{:ts "2026-08-13T23:00:39.231429225Z", :level :info, :message ":evidence-captured", :context {:type "escrow-created", :hash "30992e43def7b840a08d950aa5efd68a48d0bbf11da58185119843b00f0d8fea"}}
{:ts "2026-08-13T23:00:39.260772203Z", :level :info, :message ":evidence-captured", :context {:type "dispute-raised", :hash "373a46077272078acb28b4c85827dcc901984fd8ef2676b8ca0984ed09369ac3"}}
{:ts "2026-08-13T23:00:39.284353493Z", :level :debug, :message "Submitting resolution", :context {:caller "0xresolver", :workflow-id 0}}
{:ts "2026-08-13T23:00:39.316060790Z", :level :info, :message ":evidence-captured", :context {:type "escrow-released", :hash "fbe7205942cdd368d77f9a85db6b8a9d743f01dbe7a6921ed11993e70c03c15e"}}
{:ts "2026-08-13T23:00:39.353749458Z", :level :info, :message ":evidence-captured", :context {:type "escrow-created", :hash "b0f993383c454f5445506e10de2befaaf19a328b6a629af86e07646adfe7feff"}}
{:ts "2026-08-13T23:00:39.394950294Z", :level :info, :message ":evidence-captured", :context {:type "dispute-raised", :hash "5763a7a34e8c94d019f97151e2a601d3aca50367467f6b7bf85327c032fce9f2"}}
{:ts "2026-08-13T23:00:39.428816769Z", :level :debug, :message "Submitting resolution", :context {:caller "0xresolver", :workflow-id 1}}
{:ts "2026-08-13T23:00:39.478877460Z", :level :info, :message ":evidence-captured", :context {:type "escrow-released", :hash "e50e70f0118a1ab4106e14096c58e045a20ed3847afb892ccba30af915f7a2db"}}
{:ts "2026-08-13T23:00:39.515306243Z", :level :info, :message "scenario/end", :context {:id "s74-multi-escrow-parallel-disputes", :outcome :pass, :ctx/scenario-id "s74-multi-escrow-parallel-disputes", :ctx/run-id "s74-multi-escrow-parallel-disputes-run"}}
{:ts "2026-08-13T23:00:39.516021824Z", :level :info, :message "scenario/start", :context {:id "s74-multi-escrow-parallel-disputes", :ctx/scenario-id "s74-multi-escrow-parallel-disputes", :ctx/run-id "s74-multi-escrow-parallel-disputes-run"}}
{:ts "2026-08-13T23:00:39.528242417Z", :level :info, :message ":evidence-captured", :context {:type "escrow-created", :hash "dafb83fd3f2d26c3780f7bf2a1c8fb5eed7c85ad828d8b51b72c4eb66afe07a4"}}
{:ts "2026-08-13T23:00:39.555567650Z", :level :info, :message ":evidence-captured", :context {:type "dispute-raised", :hash "8ced6370010654573239963a8e667beb8577122f2e7027f332f70c12eab9a556"}}
{:ts "2026-08-13T23:00:39.574756323Z", :level :debug, :message "guard/rejected", :context {:escrow-state :disputed, :workflow-id 0, :error :transfer-not-pending, :ctx/scenario-id "s75-receiver-cancels-after-dispute", :ctx/run-id "s75-receiver-cancels-after-dispute-run", :ctx/event-index 2, :ctx/event-type "recipient_cancel"}}
{:ts "2026-08-13T23:00:39.584654647Z", :level :debug, :message "Submitting resolution", :context {:caller "0xresolver", :workflow-id 0}}
{:ts "2026-08-13T23:00:39.616716845Z", :level :info, :message ":evidence-captured", :context {:type "escrow-released", :hash "be275ee7201924d1b8e83e2e879d49b024ab894293482903f24988ebfed553e8"}}
{:ts "2026-08-13T23:00:39.637406414Z", :level :info, :message "scenario/end", :context {:id "s75-receiver-cancels-after-dispute", :outcome :pass, :ctx/scenario-id "s75-receiver-cancels-after-dispute", :ctx/run-id "s75-receiver-cancels-after-dispute-run"}}
{:ts "2026-08-13T23:00:39.638147644Z", :level :info, :message "scenario/start", :context {:id "s75-receiver-cancels-after-dispute", :ctx/scenario-id "s75-receiver-cancels-after-dispute", :ctx/run-id "s75-receiver-cancels-after-dispute-run"}}
{:ts "2026-08-13T23:00:39.651355619Z", :level :info, :message ":evidence-captured", :context {:type "escrow-created", :hash "fb64bdce90c583c12ec7a9f1565b36b7479f69d6abbb79b5d848f3d4133427a8"}}
{:ts "2026-08-13T23:00:39.681771292Z", :level :info, :message ":evidence-captured", :context {:type "dispute-raised", :hash "60a36b91b82a7fe8c857aaecd1e126eb90aa15fd854178f4f3207984b526716c"}}
{:ts "2026-08-13T23:00:39.702217385Z", :level :debug, :message "Submitting resolution", :context {:caller "0xresolver", :workflow-id 0}}
{:ts "2026-08-13T23:00:39.725884649Z", :level :debug, :message "guard/rejected", :context {:escrow-state :disputed, :workflow-id 0, :error :transfer-not-pending, :ctx/scenario-id "s76-sender-cancel-during-appeal", :ctx/run-id "s76-sender-cancel-during-appeal-run", :ctx/event-index 3, :ctx/event-type "sender_cancel"}}
{:ts "2026-08-13T23:00:39.747726696Z", :level :info, :message ":evidence-captured", :context {:type "escrow-released", :hash "6b412bc6f064cd58501672b143b9bcbaf740da8f8ef43289a01559f8d62dccc1"}}
{:ts "2026-08-13T23:00:39.771494262Z", :level :info, :message "scenario/end", :context {:id "s76-sender-cancel-during-appeal", :outcome :pass, :ctx/scenario-id "s76-sender-cancel-during-appeal", :ctx/run-id "s76-sender-cancel-during-appeal-run"}}
{:ts "2026-08-13T23:00:39.772191387Z", :level :info, :message "scenario/start", :context {:id "s76-sender-cancel-during-appeal", :ctx/scenario-id "s76-sender-cancel-during-appeal", :ctx/run-id "s76-sender-cancel-during-appeal-run"}}
{:ts "2026-08-13T23:00:39.787571925Z", :level :info, :message ":evidence-captured", :context {:type "escrow-created", :hash "a5d0b3a30917335c847e2b9973493e380f5d8ab96cfdf4f2ebc7a4213faa3f82"}}
{:ts "2026-08-13T23:00:39.817489574Z", :level :info, :message ":evidence-captured", :context {:type "dispute-raised", :hash "7dd132590b5ba359e96cc8973910bc7af9ffab9d4447c8f33d63f4e95cf37a07"}}
{:ts "2026-08-13T23:00:39.843924400Z", :level :debug, :message "Submitting resolution", :context {:caller "0xresolver", :workflow-id 0}}
{:ts "2026-08-13T23:00:39.854651131Z", :level :info, :message ":evidence-captured", :context {:type "escrow-released", :hash "04d9b50cd6fc2c8bafc56274f9af89c581de4a038f3472347bbaedd57c33f15a"}}
{:ts "2026-08-13T23:00:39.885557354Z", :level :debug, :message "guard/rejected", :context {:escrow-state :released, :workflow-id 0, :error :transfer-not-in-dispute, :ctx/scenario-id "s77-escalation-rejected-wrong-layer", :ctx/run-id "s77-escalation-rejected-wrong-layer-run", :ctx/event-index 3, :ctx/event-type "escalate_dispute"}}
{:ts "2026-08-13T23:00:39.887229859Z", :level :info, :message ":evidence-captured", :context {:type "guard-rejected", :hash "1fd5d1f4be601fdcfd179703827471a917fa9cf25249156944971aacba783086"}}
{:ts "2026-08-13T23:00:39.898015603Z", :level :debug, :message "guard/rejected", :context {:workflow-id 0, :error :no-pending-settlement, :ctx/scenario-id "s77-escalation-rejected-wrong-layer", :ctx/run-id "s77-escalation-rejected-wrong-layer-run", :ctx/event-index 4, :ctx/event-type "execute_pending_settlement"}}
{:ts "2026-08-13T23:00:39.899775665Z", :level :info, :message ":evidence-captured", :context {:type "guard-rejected", :hash "e4f8565545badf47de7ff64bd90b928c95008cab2cb1a83ca5baa1940ba06cf8"}}
{:ts "2026-08-13T23:00:39.912296163Z", :level :info, :message "scenario/end", :context {:id "s77-escalation-rejected-wrong-layer", :outcome :pass, :ctx/scenario-id "s77-escalation-rejected-wrong-layer", :ctx/run-id "s77-escalation-rejected-wrong-layer-run"}}
{:ts "2026-08-13T23:00:39.913152043Z", :level :info, :message "scenario/start", :context {:id "s77-escalation-rejected-wrong-layer", :ctx/scenario-id "s77-escalation-rejected-wrong-layer", :ctx/run-id "s77-escalation-rejected-wrong-layer-run"}}
{:ts "2026-08-13T23:00:39.925783834Z", :level :info, :message ":evidence-captured", :context {:type "escrow-created", :hash "013bb1bb40eae74358ed59c9ea05d3bad52cf157b6f1188f944b54bc8c2b7b37"}}
{:ts "2026-08-13T23:00:39.953171305Z", :level :info, :message ":evidence-captured", :context {:type "dispute-raised", :hash "7ebf58a6a16eaa97f5bb8fb93c309df52fb5fdf77cd2c3079d2a4e48cc24f6da"}}
{:ts "2026-08-13T23:00:39.975321373Z", :level :debug, :message "Submitting resolution", :context {:caller "0xresolver", :workflow-id 0}}
{:ts "2026-08-13T23:00:39.987981198Z", :level :info, :message ":evidence-captured", :context {:type "escrow-released", :hash "64a1084328d161cbac35e76bd2986d17527c33c0e8217ac23fea83ebd520afee"}}
{:ts "2026-08-13T23:00:40.034785249Z", :level :debug, :message "guard/rejected", :context {:workflow-id 0, :error :no-pending-settlement, :ctx/scenario-id "s78-many-appeals-eventually-rejects", :ctx/run-id "s78-many-appeals-eventually-rejects-run", :ctx/event-index 5, :ctx/event-type "execute_pending_settlement"}}
{:ts "2026-08-13T23:00:40.036709325Z", :level :info, :message ":evidence-captured", :context {:type "guard-rejected", :hash "8cf8cea0ad0518015668eb5de58f54ab34cc76e902c63db6d0227981ee0e7d7e"}}
{:ts "2026-08-13T23:00:40.044808903Z", :level :info, :message "scenario/end", :context {:id "s78-many-appeals-eventually-rejects", :outcome :pass, :ctx/scenario-id "s78-many-appeals-eventually-rejects", :ctx/run-id "s78-many-appeals-eventually-rejects-run"}}
{:ts "2026-08-13T23:00:40.045857763Z", :level :info, :message "scenario/start", :context {:id "s78-many-appeals-eventually-rejects", :ctx/scenario-id "s78-many-appeals-eventually-rejects", :ctx/run-id "s78-many-appeals-eventually-rejects-run"}}
{:ts "2026-08-13T23:00:40.065276948Z", :level :info, :message ":evidence-captured", :context {:type "escrow-created", :hash "56b83d8b3abb0463cdb2db8974d977da81ae99562db7477cf911571e3f9f1672"}}
{:ts "2026-08-13T23:00:40.097021497Z", :level :info, :message ":evidence-captured", :context {:type "dispute-raised", :hash "a46a434d73c24b949792dfa43b3c955d20f79e16c01d097b612a4ff2b41d24b4"}}
{:ts "2026-08-13T23:00:40.122402264Z", :level :debug, :message "Submitting resolution", :context {:caller "0xresolver", :workflow-id 0}}
{:ts "2026-08-13T23:00:40.157008185Z", :level :info, :message ":evidence-captured", :context {:type "escrow-released", :hash "62b03500e0fd57823100340ace11924835c476cfa979d56b62f24e171ef69b35"}}
{:ts "2026-08-13T23:00:40.177701972Z", :level :info, :message "scenario/end", :context {:id "s79-partial-resolution-release", :outcome :pass, :ctx/scenario-id "s79-partial-resolution-release", :ctx/run-id "s79-partial-resolution-release-run"}}
{:ts "2026-08-13T23:00:40.178648395Z", :level :info, :message "scenario/start", :context {:id "s79-partial-resolution-release", :ctx/scenario-id "s79-partial-resolution-release", :ctx/run-id "s79-partial-resolution-release-run"}}
{:ts "2026-08-13T23:00:40.191302700Z", :level :info, :message ":evidence-captured", :context {:type "escrow-created", :hash "0106f2ca5aa3ca45ba39dbd05e9e56ed1f8b60ae32ab2a8a871deba72c7e7f81"}}
{:ts "2026-08-13T23:00:40.219346238Z", :level :info, :message ":evidence-captured", :context {:type "dispute-raised", :hash "f1c0d3721869ebb4b780bcd7e0273256242cbe98cd87581937b70fb88f9ea9dd"}}
{:ts "2026-08-13T23:00:40.242132073Z", :level :debug, :message "Submitting resolution", :context {:caller "0xresolver", :workflow-id 0}}
{:ts "2026-08-13T23:00:40.253692301Z", :level :info, :message ":evidence-captured", :context {:type "escrow-released", :hash "42c20d2b3baca4b78426e19e9b64839e75f1f2fa0ab674ae64f705ffcd69dc2d"}}
{:ts "2026-08-13T23:00:40.280988528Z", :level :debug, :message "guard/rejected", :context {:workflow-id 0, :error :no-pending-settlement, :ctx/scenario-id "s80-disputed-escrow-expiry-settlement", :ctx/run-id "s80-disputed-escrow-expiry-settlement-run", :ctx/event-index 3, :ctx/event-type "execute_pending_settlement"}}
{:ts "2026-08-13T23:00:40.282737389Z", :level :info, :message ":evidence-captured", :context {:type "guard-rejected", :hash "58621ee7aaf8767ce00d035226cbff85802fbc381d6772cb414ceae60d8c6fa0"}}
{:ts "2026-08-13T23:00:40.289325501Z", :level :info, :message "scenario/end", :context {:id "s80-disputed-escrow-expiry-settlement", :outcome :pass, :ctx/scenario-id "s80-disputed-escrow-expiry-settlement", :ctx/run-id "s80-disputed-escrow-expiry-settlement-run"}}
{:ts "2026-08-13T23:00:40.289880845Z", :level :info, :message "scenario/start", :context {:id "s80-disputed-escrow-expiry-settlement", :ctx/scenario-id "s80-disputed-escrow-expiry-settlement", :ctx/run-id "s80-disputed-escrow-expiry-settlement-run"}}
{:ts "2026-08-13T23:00:40.303361212Z", :level :info, :message ":evidence-captured", :context {:type "escrow-created", :hash "4c066f05fd3a459cd49b25f79fa9ca7b9e81dc2ad9bb23e74f25b1acf16669bc"}}
{:ts "2026-08-13T23:00:40.331497888Z", :level :info, :message ":evidence-captured", :context {:type "dispute-raised", :hash "390fc3872fae8382269110232f7e066cb66e912cc5a41bd727a1a7099e544657"}}
{:ts "2026-08-13T23:00:40.352380457Z", :level :debug, :message "Submitting resolution", :context {:caller "0xresolver", :workflow-id 0}}
{:ts "2026-08-13T23:00:40.377021717Z", :level :debug, :message "guard/rejected", :context {:block-time 1239, :appeal-deadline 1240, :workflow-id 0, :error :appeal-window-not-expired, :ctx/scenario-id "s81-appeal-deadline-boundary-before", :ctx/run-id "s81-appeal-deadline-boundary-before-run", :ctx/event-index 3, :ctx/event-type "execute_pending_settlement"}}
{:ts "2026-08-13T23:00:40.378821716Z", :level :info, :message ":evidence-captured", :context {:type "guard-rejected", :hash "673d3e840fbb419da44d32fc9d9689584d0e29b211faa6e31d81fe7498671b93"}}
{:ts "2026-08-13T23:00:40.385920667Z", :level :info, :message "scenario/end", :context {:id "s81-appeal-deadline-boundary-before", :outcome :pass, :ctx/scenario-id "s81-appeal-deadline-boundary-before", :ctx/run-id "s81-appeal-deadline-boundary-before-run"}}
{:ts "2026-08-13T23:00:40.386564811Z", :level :info, :message "scenario/start", :context {:id "s81-appeal-deadline-boundary-before", :ctx/scenario-id "s81-appeal-deadline-boundary-before", :ctx/run-id "s81-appeal-deadline-boundary-before-run"}}
{:ts "2026-08-13T23:00:40.400110162Z", :level :info, :message ":evidence-captured", :context {:type "escrow-created", :hash "b915e7745de6cb72035c266eb9daff9767b1ac7d3b5a2001fa0ef8f5c33ef6d6"}}
{:ts "2026-08-13T23:00:40.433439488Z", :level :info, :message ":evidence-captured", :context {:type "dispute-raised", :hash "79c2de357b6c0e28e7bee597d5aaf5c49acd654e86ed1fccaf692f01ab7219b0"}}
{:ts "2026-08-13T23:00:40.453306110Z", :level :debug, :message "Submitting resolution", :context {:caller "0xresolver", :workflow-id 0}}
{:ts "2026-08-13T23:00:40.486449469Z", :level :info, :message ":evidence-captured", :context {:type "escrow-released", :hash "1f4d3ef396c543f61da99376955c185d1de61c20a62cdb38e300470e582c8be7"}}
{:ts "2026-08-13T23:00:40.505757140Z", :level :info, :message "scenario/end", :context {:id "s82-appeal-deadline-boundary-exact", :outcome :pass, :ctx/scenario-id "s82-appeal-deadline-boundary-exact", :ctx/run-id "s82-appeal-deadline-boundary-exact-run"}}
{:ts "2026-08-13T23:00:40.506548487Z", :level :info, :message "scenario/start", :context {:id "s82-appeal-deadline-boundary-exact", :ctx/scenario-id "s82-appeal-deadline-boundary-exact", :ctx/run-id "s82-appeal-deadline-boundary-exact-run"}}
{:ts "2026-08-13T23:00:40.519020281Z", :level :info, :message ":evidence-captured", :context {:type "escrow-created", :hash "82f2627f645cc1af6475d9f731dc4a9198c1fa2b7eabfb3b2a9664408f6078d1"}}
{:ts "2026-08-13T23:00:40.544671055Z", :level :info, :message ":evidence-captured", :context {:type "dispute-raised", :hash "143d34f289217b3dd4dc5c700b8682b547c8b11c3a6e9e0773461152f7df1c24"}}
{:ts "2026-08-13T23:00:40.566174834Z", :level :debug, :message "Submitting resolution", :context {:caller "0xresolver", :workflow-id 0}}
{:ts "2026-08-13T23:00:40.603495667Z", :level :info, :message ":evidence-captured", :context {:type "escrow-released", :hash "6ae0504201c70bf2fbe65a1ea70c6029f76fc17bc7998d2bcbcbdfd442477c0b"}}
{:ts "2026-08-13T23:00:40.634498275Z", :level :info, :message "scenario/end", :context {:id "s83-appeal-deadline-boundary-after", :outcome :pass, :ctx/scenario-id "s83-appeal-deadline-boundary-after", :ctx/run-id "s83-appeal-deadline-boundary-after-run"}}
{:ts "2026-08-13T23:00:40.635319799Z", :level :info, :message "scenario/start", :context {:id "s83-appeal-deadline-boundary-after", :ctx/scenario-id "s83-appeal-deadline-boundary-after", :ctx/run-id "s83-appeal-deadline-boundary-after-run"}}
{:ts "2026-08-13T23:00:40.649253474Z", :level :info, :message ":evidence-captured", :context {:type "escrow-created", :hash "d742be8f2233b3b8379d19081fe3c8a8a668f943f0308c585fc17fdadafcd2de"}}
{:ts "2026-08-13T23:00:40.679196321Z", :level :info, :message ":evidence-captured", :context {:type "dispute-raised", :hash "bb75abf8341125070c851f729bc705a98a3be151c6daf34e5818022366607166"}}
{:ts "2026-08-13T23:00:40.700430504Z", :level :debug, :message "Submitting resolution", :context {:caller "0xresolver", :workflow-id 0}}
{:ts "2026-08-13T23:00:40.735798665Z", :level :info, :message ":evidence-captured", :context {:type "escrow-released", :hash "0ab1f27b4ef50188ae21095a8d1bdacb99a3b2fb151a79c241aafe5823051d56"}}
{:ts "2026-08-13T23:00:40.758760768Z", :level :info, :message "scenario/end", :context {:id "s84-false-assertion-unchallenged", :outcome :pass, :ctx/scenario-id "s84-false-assertion-unchallenged", :ctx/run-id "s84-false-assertion-unchallenged-run"}}
{:ts "2026-08-13T23:00:40.759633921Z", :level :info, :message "scenario/start", :context {:id "s84-false-assertion-unchallenged", :ctx/scenario-id "s84-false-assertion-unchallenged", :ctx/run-id "s84-false-assertion-unchallenged-run"}}
{:ts "2026-08-13T23:00:40.776446422Z", :level :info, :message ":evidence-captured", :context {:type "escrow-created", :hash "19d8f5c6ce57444d40709a6503236b4d099dbc9192afdf859c57b710759b98e8"}}
{:ts "2026-08-13T23:00:40.807430284Z", :level :info, :message ":evidence-captured", :context {:type "dispute-raised", :hash "a829efbaded3b49d4274179185483e8febb1eaca9c8cd76910d64c63e42bcf1d"}}
{:ts "2026-08-13T23:00:40.831294435Z", :level :debug, :message "Submitting resolution", :context {:caller "0xresolver", :workflow-id 0}}
{:ts "2026-08-13T23:00:40.857989279Z", :level :debug, :message "guard/rejected", :context {:workflow-id 0, :error :escalation-not-configured, :ctx/scenario-id "s85-watchdog-challenges-resolution", :ctx/run-id "s85-watchdog-challenges-resolution-run", :ctx/event-index 3, :ctx/event-type "challenge_resolution"}}
{:ts "2026-08-13T23:00:40.859872547Z", :level :info, :message ":evidence-captured", :context {:type "guard-rejected", :hash "6891f7417c6ada7e39618b2003c9f76f1795f418c9e4d9be2c183ef9e0dcb879"}}
{:ts "2026-08-13T23:00:40.883225028Z", :level :info, :message ":evidence-captured", :context {:type "escrow-refunded", :hash "ce475ec830f338e611d293abaf0e6b1500698286eb21c86ecc4d3529a67d9c37"}}
{:ts "2026-08-13T23:00:40.905836840Z", :level :info, :message "scenario/end", :context {:id "s85-watchdog-challenges-resolution", :outcome :pass, :ctx/scenario-id "s85-watchdog-challenges-resolution", :ctx/run-id "s85-watchdog-challenges-resolution-run"}}
{:ts "2026-08-13T23:00:40.906629188Z", :level :info, :message "scenario/start", :context {:id "s85-watchdog-challenges-resolution", :ctx/scenario-id "s85-watchdog-challenges-resolution", :ctx/run-id "s85-watchdog-challenges-resolution-run"}}
{:ts "2026-08-13T23:00:40.919197297Z", :level :info, :message ":evidence-captured", :context {:type "escrow-created", :hash "301d2f8b8de7b0b662f6c926d318eb275baea35a3878a81a875153ac65202938"}}
{:ts "2026-08-13T23:00:40.949938514Z", :level :info, :message ":evidence-captured", :context {:type "dispute-raised", :hash "676374f613181974aa06e16279b8a3f52540e8d47948cfa8a4abf8b6b8613313"}}
{:ts "2026-08-13T23:00:40.974639749Z", :level :debug, :message "Submitting resolution", :context {:caller "0xresolver", :workflow-id 0}}
{:ts "2026-08-13T23:00:41.009057359Z", :level :info, :message ":evidence-captured", :context {:type "escrow-released", :hash "aec79475cab4ea3f057afab980e87721055c0e9194df244f2745dba78afb5603"}}
{:ts "2026-08-13T23:00:41.033594310Z", :level :debug, :message "guard/rejected", :context {:workflow-id 0, :error :no-pending-settlement, :ctx/scenario-id "s86-reentrant-withdrawal-guard", :ctx/run-id "s86-reentrant-withdrawal-guard-run", :ctx/event-index 4, :ctx/event-type "execute_pending_settlement"}}
{:ts "2026-08-13T23:00:41.035331648Z", :level :info, :message ":evidence-captured", :context {:type "guard-rejected", :hash "5fbcda55d1741a1313255859adf05774a1f343071ec8914ac485320745d01bf0"}}
{:ts "2026-08-13T23:00:41.044646494Z", :level :info, :message "scenario/end", :context {:id "s86-reentrant-withdrawal-guard", :outcome :pass, :ctx/scenario-id "s86-reentrant-withdrawal-guard", :ctx/run-id "s86-reentrant-withdrawal-guard-run"}}
{:ts "2026-08-13T23:00:41.045503146Z", :level :info, :message "scenario/start", :context {:id "s86-reentrant-withdrawal-guard", :ctx/scenario-id "s86-reentrant-withdrawal-guard", :ctx/run-id "s86-reentrant-withdrawal-guard-run"}}
{:ts "2026-08-13T23:00:41.060115040Z", :level :info, :message ":evidence-captured", :context {:type "escrow-created", :hash "32fb231d62d6d9c02b6ef46db219330508d08a7209cb50f9dc7bb48ae1d1b92b"}}
{:ts "2026-08-13T23:00:41.091913573Z", :level :info, :message ":evidence-captured", :context {:type "escrow-created", :hash "1f249db6a9d96bc4869091903c397297474507d96d63ffcdb13f7c23eb201758"}}
{:ts "2026-08-13T23:00:41.135536049Z", :level :info, :message ":evidence-captured", :context {:type "dispute-raised", :hash "64dedb3c43effaf7a67d9ecea4fbd36b774064c25c674e406c84b25ac63da0db"}}
{:ts "2026-08-13T23:00:41.186304376Z", :level :debug, :message "Submitting resolution", :context {:caller "0xresolver", :workflow-id 0}}
{:ts "2026-08-13T23:00:41.237210376Z", :level :info, :message ":evidence-captured", :context {:type "escrow-released", :hash "8533e5214a6af32e1bc26b6ff33a9b9a65e731b20b449ae8f58fe03ff9e48aa8"}}
{:ts "2026-08-13T23:00:41.264558382Z", :level :info, :message "scenario/end", :context {:id "s87-cross-escrow-isolation", :outcome :pass, :ctx/scenario-id "s87-cross-escrow-isolation", :ctx/run-id "s87-cross-escrow-isolation-run"}}
{:ts "2026-08-13T23:00:41.265350640Z", :level :info, :message "scenario/start", :context {:id "s87-cross-escrow-isolation", :ctx/scenario-id "s87-cross-escrow-isolation", :ctx/run-id "s87-cross-escrow-isolation-run"}}
{:ts "2026-08-13T23:00:41.277703527Z", :level :info, :message ":evidence-captured", :context {:type "escrow-created", :hash "dccacf87339812fdd5870f9400cd5fb82a7fe065a628d31c8352b1678f918e31"}}
{:ts "2026-08-13T23:00:41.309018422Z", :level :info, :message ":evidence-captured", :context {:type "dispute-raised", :hash "e828d57902d618f3124952570f31e9b2fdebc9e58fc8a77ee849ed59823e3c52"}}
{:ts "2026-08-13T23:00:41.331997097Z", :level :debug, :message "guard/rejected", :context {:pending-exists false, :dispute-level 0, :workflow-id 0, :error :no-resolution-to-challenge, :ctx/scenario-id "s88-resolution-with-conflicting-evidence", :ctx/run-id "s88-resolution-with-conflicting-evidence-run", :ctx/event-index 2, :ctx/event-type "challenge_resolution"}}
{:ts "2026-08-13T23:00:41.333817355Z", :level :info, :message ":evidence-captured", :context {:type "guard-rejected", :hash "275ebbbe6b12b9df6e6949b8067a2a8431729382251e9b594169ece1d5e5a45f"}}
{:ts "2026-08-13T23:00:41.342597025Z", :level :debug, :message "Submitting resolution", :context {:caller "0xresolver", :workflow-id 0}}
{:ts "2026-08-13T23:00:41.376760399Z", :level :info, :message ":evidence-captured", :context {:type "escrow-refunded", :hash "67d6bb745dca1766c7591d128c463f6b60fe5a748726cbd7eed72f186afac466"}}
{:ts "2026-08-13T23:00:41.397962820Z", :level :info, :message "scenario/end", :context {:id "s88-resolution-with-conflicting-evidence", :outcome :pass, :ctx/scenario-id "s88-resolution-with-conflicting-evidence", :ctx/run-id "s88-resolution-with-conflicting-evidence-run"}}
{:ts "2026-08-13T23:00:41.398786899Z", :level :info, :message "scenario/start", :context {:id "s88-resolution-with-conflicting-evidence", :ctx/scenario-id "s88-resolution-with-conflicting-evidence", :ctx/run-id "s88-resolution-with-conflicting-evidence-run"}}
{:ts "2026-08-13T23:00:41.418273744Z", :level :info, :message ":evidence-captured", :context {:type "escrow-created", :hash "56aabaec3b4542410180fcf53a338f6b2f5c5d60f9faf665ea34b48297c41d34"}}
{:ts "2026-08-13T23:00:41.453868510Z", :level :info, :message ":evidence-captured", :context {:type "dispute-raised", :hash "a6215851694c91dc5682dafedfd34854fee423d840b41957702d494bef79a0f5"}}
{:ts "2026-08-13T23:00:41.475133271Z", :level :debug, :message "Submitting resolution", :context {:caller "0xresolver", :workflow-id 0}}
{:ts "2026-08-13T23:00:41.488523415Z", :level :info, :message ":evidence-captured", :context {:type "escrow-released", :hash "2cea32b19005f8e10d89638717ef01550ffb58a475c94fba1301493879001005"}}
{:ts "2026-08-13T23:00:41.513077648Z", :level :debug, :message "guard/rejected", :context {:workflow-id 0, :error :no-pending-settlement, :ctx/scenario-id "s89-dispute-resolution-with-zero-appeal-window", :ctx/run-id "s89-dispute-resolution-with-zero-appeal-window-run", :ctx/event-index 3, :ctx/event-type "execute_pending_settlement"}}
{:ts "2026-08-13T23:00:41.514767997Z", :level :info, :message ":evidence-captured", :context {:type "guard-rejected", :hash "c0c3622048ebf5f70effc8da5677ab8ac0bbf1674c72a3dc8cca554ba89319c1"}}
{:ts "2026-08-13T23:00:41.521735385Z", :level :info, :message "scenario/end", :context {:id "s89-dispute-resolution-with-zero-appeal-window", :outcome :pass, :ctx/scenario-id "s89-dispute-resolution-with-zero-appeal-window", :ctx/run-id "s89-dispute-resolution-with-zero-appeal-window-run"}}
{:ts "2026-08-13T23:00:41.522542662Z", :level :info, :message "scenario/start", :context {:id "s89-dispute-resolution-with-zero-appeal-window", :ctx/scenario-id "s89-dispute-resolution-with-zero-appeal-window", :ctx/run-id "s89-dispute-resolution-with-zero-appeal-window-run"}}
{:ts "2026-08-13T23:00:41.537998975Z", :level :info, :message ":evidence-captured", :context {:type "escrow-created", :hash "c05fcd361caef836148f7b32d9595156045fa1d9b81afa4ee6de8ec470bb3d62"}}
{:ts "2026-08-13T23:00:41.568116857Z", :level :info, :message ":evidence-captured", :context {:type "escrow-created", :hash "b58a1f7b60be97622da220a8fdb944d2ebfbd4d39f5eab6da150a97d707538bc"}}
{:ts "2026-08-13T23:00:41.606757298Z", :level :info, :message ":evidence-captured", :context {:type "escrow-created", :hash "9a90c89ea8464adae510bec04cc8ff3112c34e0f78b49f92d55107e79157cb37"}}
{:ts "2026-08-13T23:00:41.648110526Z", :level :info, :message ":evidence-captured", :context {:type "dispute-raised", :hash "d92934e4fa22a44d085dc35c95be39e0532206a2062d74e6e547ef2c0aba9a99"}}
{:ts "2026-08-13T23:00:41.690204304Z", :level :info, :message ":evidence-captured", :context {:type "dispute-raised", :hash "0ae0a097923894bc1232961c712ebae1f9205ec842a601e9eda563d38000b529"}}
{:ts "2026-08-13T23:00:41.734366744Z", :level :info, :message ":evidence-captured", :context {:type "dispute-raised", :hash "4db1ce45ffb2716c74347740bcdbefe489582f4dfd067abd8ca6d771e18628d4"}}
{:ts "2026-08-13T23:00:41.770837107Z", :level :debug, :message "Submitting resolution", :context {:caller "0xresolver", :workflow-id 0}}
{:ts "2026-08-13T23:00:41.805347746Z", :level :debug, :message "Submitting resolution", :context {:caller "0xresolver", :workflow-id 1}}
{:ts "2026-08-13T23:00:41.841828640Z", :level :debug, :message "Submitting resolution", :context {:caller "0xresolver", :workflow-id 2}}
{:ts "2026-08-13T23:00:41.898273632Z", :level :info, :message ":evidence-captured", :context {:type "escrow-released", :hash "7b45c4770d4bb42fbd286c7947fd857fe3246a901bd4d5a97c3f90b69f63132a"}}
{:ts "2026-08-13T23:00:41.952598903Z", :level :info, :message ":evidence-captured", :context {:type "escrow-released", :hash "e2beb30dbc2946a6f0a7fc7fc9cd9b8053a44e46fe41045f23d54d75fe2ed0bd"}}
{:ts "2026-08-13T23:00:42.007889023Z", :level :info, :message ":evidence-captured", :context {:type "escrow-released", :hash "eb51d2075dbbfd73aa6fc4497f78947beec4bec480f6aa959629bf5f73e0f4ab"}}
{:ts "2026-08-13T23:00:42.046546597Z", :level :info, :message "scenario/end", :context {:id "s90-resolver-capacity-stress", :outcome :pass, :ctx/scenario-id "s90-resolver-capacity-stress", :ctx/run-id "s90-resolver-capacity-stress-run"}}
{:ts "2026-08-13T23:00:42.047263681Z", :level :info, :message "scenario/start", :context {:id "s90-resolver-capacity-stress", :ctx/scenario-id "s90-resolver-capacity-stress", :ctx/run-id "s90-resolver-capacity-stress-run"}}
{:ts "2026-08-13T23:00:42.059224026Z", :level :info, :message ":evidence-captured", :context {:type "escrow-created", :hash "f293902c7eaa2ad1c7a1923249f11d8f7f1f1fc7c6678419db2bcbbfda0a78af"}}
{:ts "2026-08-13T23:00:42.084625011Z", :level :info, :message ":evidence-captured", :context {:type "dispute-raised", :hash "3f99a017504de45d2ad11ac13315342545d07605d85b99eae5029af08987611d"}}
{:ts "2026-08-13T23:00:42.109038936Z", :level :debug, :message "Submitting resolution", :context {:caller "0xresolver", :workflow-id 0}}
{:ts "2026-08-13T23:00:42.141127805Z", :level :info, :message ":evidence-captured", :context {:type "escrow-released", :hash "a5dc0e787a0aa3edec15854cf2fefea436f01da4dec6f1bfe3f8cce90855ac64"}}
{:ts "2026-08-13T23:00:42.160218921Z", :level :info, :message "scenario/end", :context {:id "s91-governance-snapshot-dispute-state", :outcome :pass, :ctx/scenario-id "s91-governance-snapshot-dispute-state", :ctx/run-id "s91-governance-snapshot-dispute-state-run"}}
{:ts "2026-08-13T23:00:42.161109567Z", :level :info, :message "scenario/start", :context {:id "s91-governance-snapshot-dispute-state", :ctx/scenario-id "s91-governance-snapshot-dispute-state", :ctx/run-id "s91-governance-snapshot-dispute-state-run"}}
{:ts "2026-08-13T23:00:42.174178616Z", :level :info, :message ":evidence-captured", :context {:type "escrow-created", :hash "310fb3424d47114aa700a4a8a9819d09531a579a6165b987e1a8d0cc43801ebc"}}
{:ts "2026-08-13T23:00:42.203081962Z", :level :info, :message ":evidence-captured", :context {:type "dispute-raised", :hash "69945381e2822a7d86e03150369f8ab57ea8c8b1273b538b68a6dc4670853bd9"}}
{:ts "2026-08-13T23:00:42.224212386Z", :level :debug, :message "Submitting resolution", :context {:caller "0xresolver", :workflow-id 0}}
{:ts "2026-08-13T23:00:42.269179828Z", :level :info, :message ":evidence-captured", :context {:type "escrow-released", :hash "4399ef037b9b342c34baadeea60616eae13334ce1e154bd86e93fb7abeac6477"}}
{:ts "2026-08-13T23:00:42.295023201Z", :level :info, :message "scenario/end", :context {:id "s92-settlement-zero-amount-edge", :outcome :pass, :ctx/scenario-id "s92-settlement-zero-amount-edge", :ctx/run-id "s92-settlement-zero-amount-edge-run"}}
{:ts "2026-08-13T23:00:42.295765423Z", :level :info, :message "scenario/start", :context {:id "s92-settlement-zero-amount-edge", :ctx/scenario-id "s92-settlement-zero-amount-edge", :ctx/run-id "s92-settlement-zero-amount-edge-run"}}
{:ts "2026-08-13T23:00:42.308298305Z", :level :info, :message ":evidence-captured", :context {:type "escrow-created", :hash "297073e141142f82bba46ca9e175a1ae49483324aeb4552aaafc1e2c3182539f"}}
{:ts "2026-08-13T23:00:42.336708757Z", :level :info, :message ":evidence-captured", :context {:type "dispute-raised", :hash "30bd35066388e0d54793c2a71fee87d8072197bb7a03b3ed497fa8d68747f72e"}}
{:ts "2026-08-13T23:00:42.362961213Z", :level :debug, :message "Submitting resolution", :context {:caller "0xresolver", :workflow-id 0}}
{:ts "2026-08-13T23:00:42.421070404Z", :level :info, :message ":evidence-captured", :context {:type "escrow-refunded", :hash "57e685d71dba582da1129674c86e4e3349e123aee77837d51d4bdd07e93635c7"}}
{:ts "2026-08-13T23:00:42.443422388Z", :level :info, :message "scenario/end", :context {:id "s93-multiple-appeals-with-refund", :outcome :pass, :ctx/scenario-id "s93-multiple-appeals-with-refund", :ctx/run-id "s93-multiple-appeals-with-refund-run"}}
{:ts "2026-08-13T23:00:42.444244644Z", :level :info, :message "scenario/start", :context {:id "s93-multiple-appeals-with-refund", :ctx/scenario-id "s93-multiple-appeals-with-refund", :ctx/run-id "s93-multiple-appeals-with-refund-run"}}
{:ts "2026-08-13T23:00:42.459218973Z", :level :info, :message ":evidence-captured", :context {:type "escrow-created", :hash "3367dc55c68e28184613913b59f6718aa9138eae42062f15550e45e11d129c9d"}}
{:ts "2026-08-13T23:00:42.488382697Z", :level :info, :message ":evidence-captured", :context {:type "dispute-raised", :hash "5e5eb6a69c44d5a787cb76755c8f141b84f9dd2779b007611854f162a326a992"}}
{:ts "2026-08-13T23:00:42.523022674Z", :level :info, :message ":evidence-captured", :context {:type "escrow-refunded", :hash "b52be887d6c3e6e5d5a72e1914348ab3e23e505f6c589e9ab39573327f5b2471"}}
{:ts "2026-08-13T23:00:42.545343979Z", :level :info, :message "scenario/end", :context {:id "s94-dispute-timeout-auto-refund", :outcome :pass, :ctx/scenario-id "s94-dispute-timeout-auto-refund", :ctx/run-id "s94-dispute-timeout-auto-refund-run"}}
{:ts "2026-08-13T23:00:42.546227422Z", :level :info, :message "scenario/start", :context {:id "s94-dispute-timeout-auto-refund", :ctx/scenario-id "s94-dispute-timeout-auto-refund", :ctx/run-id "s94-dispute-timeout-auto-refund-run"}}
{:ts "2026-08-13T23:00:42.561380143Z", :level :info, :message ":evidence-captured", :context {:type "escrow-created", :hash "27429af57188803acaf1b0ce092de3864995a83f1c74683c0e646616e4026361"}}
{:ts "2026-08-13T23:00:42.590665059Z", :level :info, :message ":evidence-captured", :context {:type "dispute-raised", :hash "765ac14f5a97f28dee1a2a78fcac742ae69148c85dd1aa09851cf5fae094f6c3"}}
{:ts "2026-08-13T23:00:42.611601291Z", :level :debug, :message "Submitting resolution", :context {:caller "0xresolver", :workflow-id 0}}
{:ts "2026-08-13T23:00:42.634055972Z", :level :debug, :message "guard/rejected", :context {:workflow-id 0, :error :escalation-not-configured, :ctx/scenario-id "s95-resolution-challenge-and-counter", :ctx/run-id "s95-resolution-challenge-and-counter-run", :ctx/event-index 3, :ctx/event-type "challenge_resolution"}}
{:ts "2026-08-13T23:00:42.635862733Z", :level :info, :message ":evidence-captured", :context {:type "guard-rejected", :hash "a6217c0f2ce17090e714866947bd68e1fafd9d1e0ea54eb244d4fa59ab0b1873"}}
{:ts "2026-08-13T23:00:42.656054479Z", :level :info, :message ":evidence-captured", :context {:type "escrow-released", :hash "4fe809a3aff3a7932d0e1eb781fe005ad4f26d66cd866809e8c504888431ef02"}}
{:ts "2026-08-13T23:00:42.679345983Z", :level :info, :message "scenario/end", :context {:id "s95-resolution-challenge-and-counter", :outcome :pass, :ctx/scenario-id "s95-resolution-challenge-and-counter", :ctx/run-id "s95-resolution-challenge-and-counter-run"}}
{:ts "2026-08-13T23:00:42.680123422Z", :level :info, :message "scenario/start", :context {:id "s95-resolution-challenge-and-counter", :ctx/scenario-id "s95-resolution-challenge-and-counter", :ctx/run-id "s95-resolution-challenge-and-counter-run"}}
{:ts "2026-08-13T23:00:42.692471780Z", :level :info, :message ":evidence-captured", :context {:type "escrow-created", :hash "bb959c86b84d09cc088777b03fe71344627788195fc6dae0ce652bea6486bd5d"}}
{:ts "2026-08-13T23:00:42.724322523Z", :level :info, :message ":evidence-captured", :context {:type "escrow-created", :hash "30cc9ea7a8264143a38f805a581732e40880f8affef305f93b86b6bb08bc2ed7"}}
{:ts "2026-08-13T23:00:42.763417985Z", :level :info, :message ":evidence-captured", :context {:type "dispute-raised", :hash "9419cf395fd4774e167fe45a22f14298e0203a50d8ea94343b99908219bc4870"}}
{:ts "2026-08-13T23:00:42.802244733Z", :level :info, :message ":evidence-captured", :context {:type "dispute-raised", :hash "1f3c2f5e085eb16d2a17a6d25c80269cbf61232d97cb8f685526389c7d959dbf"}}
{:ts "2026-08-13T23:00:42.836556842Z", :level :debug, :message "Submitting resolution", :context {:caller "0xresolver", :workflow-id 0}}
{:ts "2026-08-13T23:00:42.863771943Z", :level :debug, :message "Submitting resolution", :context {:caller "0xresolver", :workflow-id 1}}
{:ts "2026-08-13T23:00:42.902650951Z", :level :info, :message ":evidence-captured", :context {:type "escrow-released", :hash "b0823edea68bafcd5c7b665926af74e7c23fd707e4fd85b96c8cb364b3fafd96"}}
{:ts "2026-08-13T23:00:42.948981455Z", :level :info, :message ":evidence-captured", :context {:type "escrow-refunded", :hash "e5c4a9340d3e9eb2f4f0a856694ca7c431e62add78b0e2d1fe0cc07e63796c62"}}
{:ts "2026-08-13T23:00:42.978460013Z", :level :info, :message "scenario/end", :context {:id "s96-multi-token-dispute", :outcome :pass, :ctx/scenario-id "s96-multi-token-dispute", :ctx/run-id "s96-multi-token-dispute-run"}}
{:ts "2026-08-13T23:00:42.979344107Z", :level :info, :message "scenario/start", :context {:id "s96-multi-token-dispute", :ctx/scenario-id "s96-multi-token-dispute", :ctx/run-id "s96-multi-token-dispute-run"}}
{:ts "2026-08-13T23:00:42.992897794Z", :level :info, :message ":evidence-captured", :context {:type "escrow-created", :hash "a72d4153bfc31cec7247cd9eb2c91df3a2230b537f555aae76a582010b50ed1e"}}
{:ts "2026-08-13T23:00:43.022737564Z", :level :info, :message ":evidence-captured", :context {:type "dispute-raised", :hash "b6ef8d890b0c66b24a7637cc99c122eeee315b875c14f0327b6b969599f33fd5"}}
{:ts "2026-08-13T23:00:43.044116303Z", :level :debug, :message "Submitting resolution", :context {:caller "0xresolver", :workflow-id 0}}
{:ts "2026-08-13T23:00:43.077776953Z", :level :info, :message ":evidence-captured", :context {:type "escrow-released", :hash "68b7ff3f91d6edb5622e9978a08ae7528575454ff963363887c8fb937fc09f94"}}
{:ts "2026-08-13T23:00:43.110535956Z", :level :info, :message "scenario/end", :context {:id "s97-appeal-after-settlement-attempt", :outcome :pass, :ctx/scenario-id "s97-appeal-after-settlement-attempt", :ctx/run-id "s97-appeal-after-settlement-attempt-run"}}
{:ts "2026-08-13T23:00:43.111459115Z", :level :info, :message "scenario/start", :context {:id "s97-appeal-after-settlement-attempt", :ctx/scenario-id "s97-appeal-after-settlement-attempt", :ctx/run-id "s97-appeal-after-settlement-attempt-run"}}
{:ts "2026-08-13T23:00:43.125350289Z", :level :info, :message ":evidence-captured", :context {:type "escrow-created", :hash "ed580cec8dfe408d6c7f19b165aeb59a74fbe89ac9de561e102e11cf1ce81c63"}}
{:ts "2026-08-13T23:00:43.161614838Z", :level :info, :message "scenario/end", :context {:id "s98-receiver-cancel-after-auto-cancel", :outcome :pass, :ctx/scenario-id "s98-receiver-cancel-after-auto-cancel", :ctx/run-id "s98-receiver-cancel-after-auto-cancel-run"}}
{:ts "2026-08-13T23:00:43.162522086Z", :level :info, :message "scenario/start", :context {:id "s98-receiver-cancel-after-auto-cancel", :ctx/scenario-id "s98-receiver-cancel-after-auto-cancel", :ctx/run-id "s98-receiver-cancel-after-auto-cancel-run"}}
{:ts "2026-08-13T23:00:43.175648895Z", :level :info, :message ":evidence-captured", :context {:type "escrow-created", :hash "1952b73661f15559fafbeb527c29213e5d9ca0c2fc5e256a330bce101efc4d5b"}}
{:ts "2026-08-13T23:00:43.200840320Z", :level :info, :message ":evidence-captured", :context {:type "dispute-raised", :hash "b0d0a84657a97e392f1535c75fe34b816c1b92ff35e7a77d27339944a4490549"}}
{:ts "2026-08-13T23:00:43.218069769Z", :level :debug, :message "Submitting resolution", :context {:caller "0xresolver", :workflow-id 0}}
{:ts "2026-08-13T23:00:43.256297860Z", :level :info, :message ":evidence-captured", :context {:type "escrow-released", :hash "03994ad903f397b320fd93ac5f081da90a38e8f9fb85c1eaf2ce342fe52b5cdf"}}
{:ts "2026-08-13T23:00:43.278477183Z", :level :info, :message "scenario/end", :context {:id "s99-large-escrow-fee-impact", :outcome :pass, :ctx/scenario-id "s99-large-escrow-fee-impact", :ctx/run-id "s99-large-escrow-fee-impact-run"}}
{:ts "2026-08-13T23:00:43.279379923Z", :level :info, :message "scenario/start", :context {:id "s99-large-escrow-fee-impact", :ctx/scenario-id "s99-large-escrow-fee-impact", :ctx/run-id "s99-large-escrow-fee-impact-run"}}
{:ts "2026-08-13T23:00:43.299755420Z", :level :info, :message ":evidence-captured", :context {:type "escrow-created", :hash "f0bcf20d8e57c81e55db81e1b826524f9c2e1b7f3eb9550ef12a0d07b5c74915"}}
{:ts "2026-08-13T23:00:43.343253368Z", :level :info, :message ":evidence-captured", :context {:type "dispute-raised", :hash "6c1cb09316309bb9553a6fae1b9e9e0d55d8e7863a81f459cac633b96031a97b"}}
{:ts "2026-08-13T23:00:43.365455865Z", :level :debug, :message "Submitting resolution", :context {:caller "0xresolver", :workflow-id 0}}
{:ts "2026-08-13T23:00:43.415155484Z", :level :info, :message ":evidence-captured", :context {:type "escrow-released", :hash "2d296783dd9144a0cead23aa2f580fa36cf16299274bccfc4c9b4e8e1daa1bf7"}}
{:ts "2026-08-13T23:00:43.440976605Z", :level :info, :message "scenario/end", :context {:id "s100-deny-then-resolver-releases", :outcome :pass, :ctx/scenario-id "s100-deny-then-resolver-releases", :ctx/run-id "s100-deny-then-resolver-releases-run"}}
{:ts "2026-08-13T23:00:43.441805864Z", :level :info, :message "scenario/start", :context {:id "s100-deny-then-resolver-releases", :ctx/scenario-id "s100-deny-then-resolver-releases", :ctx/run-id "s100-deny-then-resolver-releases-run"}}
{:ts "2026-08-13T23:00:43.452615544Z", :level :info, :message ":evidence-captured", :context {:type "stake-registered", :hash "d3725306a57c4cf9725900628875998745cc3937f9afdfce6db93e959151b958"}}
{:ts "2026-08-13T23:00:43.477248177Z", :level :info, :message ":evidence-captured", :context {:type "stake-registered", :hash "3818ee4bd6b8e243555c9320c7d40bc0d77fc5c61e9b56f37316d948bae2358a"}}
{:ts "2026-08-13T23:00:43.498942782Z", :level :info, :message ":evidence-captured", :context {:type "escrow-created", :hash "ea9eaf95c4b89363c633206d877e8cc8930f56370b14472dcf3539f95b00755b"}}
{:ts "2026-08-13T23:00:43.525737818Z", :level :info, :message ":evidence-captured", :context {:type "dispute-raised", :hash "cc91b2149c3ab89c5e8d13cc05a013c3d091271956dd31e6c85f86b3f556ae6c"}}
{:ts "2026-08-13T23:00:43.546026930Z", :level :debug, :message "Submitting resolution", :context {:caller "0xl0", :workflow-id 0}}
{:ts "2026-08-13T23:00:43.577338580Z", :level :info, :message ":evidence-captured", :context {:type "resolution-challenged", :hash "820d6d1f46826b1988fbe0bb23c543415bd6d903ee62a9258acade3f70469895"}}
{:ts "2026-08-13T23:00:43.601840202Z", :level :debug, :message "Submitting resolution", :context {:caller "0xl1", :workflow-id 0}}
{:ts "2026-08-13T23:00:43.637628559Z", :level :info, :message ":evidence-captured", :context {:type "incentive-payout", :hash "73b7ae76b9e6d9ded540139a8e88dd14b0e8e2c9e14b4bd9d924907252b0d511"}}
{:ts "2026-08-13T23:00:43.646917946Z", :level :info, :message ":evidence-captured", :context {:type "slashing", :hash "c4a270e19a8e590c14480ff922f61b89bca9bcf340cc8a4b5fff60e6a5f1b4ea"}}
{:ts "2026-08-13T23:00:43.688213624Z", :level :info, :message ":evidence-captured", :context {:type "escrow-refunded", :hash "7c373bdd948dfb8dd2b349f9dd7bf81c46a31fdf6632867a3354158e6a7b061b"}}
{:ts "2026-08-13T23:00:43.711282432Z", :level :info, :message "scenario/end", :context {:id "s101-reversal-slash-track1-enabled", :outcome :pass, :ctx/scenario-id "s101-reversal-slash-track1-enabled", :ctx/run-id "s101-reversal-slash-track1-enabled-run"}}
{:ts "2026-08-13T23:00:43.712125827Z", :level :info, :message "scenario/start", :context {:id "s101-reversal-slash-track1-enabled", :ctx/scenario-id "s101-reversal-slash-track1-enabled", :ctx/run-id "s101-reversal-slash-track1-enabled-run"}}
{:ts "2026-08-13T23:00:43.723700163Z", :level :info, :message ":evidence-captured", :context {:type "stake-registered", :hash "a007877306993998aafb8aa54f7223816d40fdfbf6b2091c1ce0e4232f77dcaa"}}
{:ts "2026-08-13T23:00:43.744083455Z", :level :info, :message ":evidence-captured", :context {:type "stake-registered", :hash "135dd793324b8dbc3b6621f3b07f11d9b74f3f250503f29b24d42f925617f44b"}}
{:ts "2026-08-13T23:00:43.768057246Z", :level :info, :message ":evidence-captured", :context {:type "escrow-created", :hash "450bfb7f0c64559a7f1a361d4caac8a315642249908056f4cd96dd0bbab59798"}}
{:ts "2026-08-13T23:00:43.800505143Z", :level :info, :message ":evidence-captured", :context {:type "dispute-raised", :hash "4e71b95e7bbd9166e0a28a2c0c8d23f20368326397d1722afed9977aa7c1dc01"}}
{:ts "2026-08-13T23:00:43.822491647Z", :level :debug, :message "Submitting resolution", :context {:caller "0xl0", :workflow-id 0}}
{:ts "2026-08-13T23:00:43.857774465Z", :level :info, :message ":evidence-captured", :context {:type "resolution-challenged", :hash "fe2891c342168c6fece0d2a64e1b5bec83b635bc3e2e8795c99d79a188b8b430"}}
{:ts "2026-08-13T23:00:43.897285644Z", :level :debug, :message "Submitting resolution", :context {:caller "0xl1", :workflow-id 0}}
{:ts "2026-08-13T23:00:43.942040730Z", :level :info, :message ":evidence-captured", :context {:type "incentive-payout", :hash "f5a5af83ceefaa493953508d72590d83c7437064193a1f607de322022a50e9e3"}}
{:ts "2026-08-13T23:00:43.954776680Z", :level :info, :message ":evidence-captured", :context {:type "slashing", :hash "1f3bb61501671ca3c10ddae285a46f0645f1d4bfba8264e681c8e22954a7c102"}}
{:ts "2026-08-13T23:00:44.004384233Z", :level :info, :message ":evidence-captured", :context {:type "escrow-refunded", :hash "503befdeedd16bccc3dae84f20b8767736757a0a684db38c5a903db9fd1cde48"}}
{:ts "2026-08-13T23:00:44.028629885Z", :level :info, :message "scenario/end", :context {:id "s102-reversal-challenge-bounty", :outcome :pass, :ctx/scenario-id "s102-reversal-challenge-bounty", :ctx/run-id "s102-reversal-challenge-bounty-run"}}
{:ts "2026-08-13T23:00:44.029465075Z", :level :info, :message "scenario/start", :context {:id "s102-reversal-challenge-bounty", :ctx/scenario-id "s102-reversal-challenge-bounty", :ctx/run-id "s102-reversal-challenge-bounty-run"}}
{:ts "2026-08-13T23:00:44.041316541Z", :level :info, :message ":evidence-captured", :context {:type "stake-registered", :hash "4412c313e36a9ff71ea0f2dde20732a356fd7eba748739d0fdf71126ea41cf51"}}
{:ts "2026-08-13T23:00:44.062248264Z", :level :info, :message ":evidence-captured", :context {:type "stake-registered", :hash "388f41611e6adfc14f85207cc3310720f5f53a5b9a3b08dfa8681b8f34d44e14"}}
{:ts "2026-08-13T23:00:44.088099863Z", :level :info, :message ":evidence-captured", :context {:type "stake-registered", :hash "bfe547cc47510e00ff3010685934e13d1a4ea8afe95b4bcfd447dcc638bfc61b"}}
{:ts "2026-08-13T23:00:44.114769950Z", :level :info, :message ":evidence-captured", :context {:type "escrow-created", :hash "c010de4be4d6d38a08096bf7a2eb3a75f69faa01699a538505df60a8caa29c36"}}
{:ts "2026-08-13T23:00:44.145442976Z", :level :info, :message ":evidence-captured", :context {:type "dispute-raised", :hash "1683b8316d53857c571be08015c530f0a87a7424d65923c8da70b955292d31b7"}}
{:ts "2026-08-13T23:00:44.170170121Z", :level :debug, :message "Submitting resolution", :context {:caller "0xl0", :workflow-id 0}}
{:ts "2026-08-13T23:00:44.197878357Z", :level :info, :message ":evidence-captured", :context {:type "dispute-escalated", :hash "93dea824c25e69b58b8ba2f5e045e30db286b5a5b53c4afbc0e9f98b73709161"}}
{:ts "2026-08-13T23:00:44.221352952Z", :level :debug, :message "Submitting resolution", :context {:caller "0xl1", :workflow-id 0}}
{:ts "2026-08-13T23:00:44.256898363Z", :level :info, :message ":evidence-captured", :context {:type "incentive-payout", :hash "f35f9ecb10f0283062161d921d4f364df22bee33b9173a34f73614cdfbdc4e85"}}
{:ts "2026-08-13T23:00:44.266334231Z", :level :info, :message ":evidence-captured", :context {:type "slashing", :hash "8c52f098e403be027ac37ede244d0b9948f153a129150d5561a764acd4bbe8db"}}
{:ts "2026-08-13T23:00:44.307946134Z", :level :info, :message ":evidence-captured", :context {:type "dispute-escalated", :hash "8c313aad92a43b73982e49ee23fcfa20de43d6288da2cd93810e548820c933f4"}}
{:ts "2026-08-13T23:00:44.335741868Z", :level :debug, :message "Submitting resolution", :context {:caller "0xl2", :workflow-id 0}}
{:ts "2026-08-13T23:00:44.351429905Z", :level :info, :message ":evidence-captured", :context {:type "escrow-refunded", :hash "7513d5a7a2b72aa0ee54fda2a36ab4c9d43a8770f185e0911e416377f388b064"}}
{:ts "2026-08-13T23:00:44.382213763Z", :level :debug, :message "guard/rejected", :context {:workflow-id 0, :error :no-pending-settlement, :ctx/scenario-id "s103-l2-reversal-slash-ids", :ctx/run-id "s103-l2-reversal-slash-ids-run", :ctx/event-index 10, :ctx/event-type "execute_pending_settlement"}}
{:ts "2026-08-13T23:00:44.384139122Z", :level :info, :message ":evidence-captured", :context {:type "guard-rejected", :hash "7c2e58fb5648181279580f085689704ae3aaaa207084aef6bd7b8cebd3533950"}}
{:ts "2026-08-13T23:00:44.393216814Z", :level :info, :message "scenario/end", :context {:id "s103-l2-reversal-slash-ids", :outcome :pass, :ctx/scenario-id "s103-l2-reversal-slash-ids", :ctx/run-id "s103-l2-reversal-slash-ids-run"}}
{:ts "2026-08-13T23:00:44.394042415Z", :level :info, :message "scenario/start", :context {:id "s103-l2-reversal-slash-ids", :ctx/scenario-id "s103-l2-reversal-slash-ids", :ctx/run-id "s103-l2-reversal-slash-ids-run"}}
{:ts "2026-08-13T23:00:44.405483024Z", :level :info, :message ":evidence-captured", :context {:type "stake-registered", :hash "c17c167f7e5f80379bf0368a9575576608a68df21943c9fb4dc1d67aa5097c1c"}}
{:ts "2026-08-13T23:00:44.431323683Z", :level :info, :message ":evidence-captured", :context {:type "stake-registered", :hash "7e05a5f1d93a8dbaefcc4230c27046bb9c8d06face6b6f3f0bd85bb73f1279f3"}}
{:ts "2026-08-13T23:00:44.461060114Z", :level :info, :message ":evidence-captured", :context {:type "escrow-created", :hash "c2d706c29001365a7ff66dc0aec1b156339ff1f6ac3904ff11062de397bd8a7b"}}
{:ts "2026-08-13T23:00:44.495058381Z", :level :info, :message ":evidence-captured", :context {:type "dispute-raised", :hash "5ca9a6b29852784e3d7a0c2f13da69aefb9aafc7ad6f02015227a9a8d3e89d75"}}
{:ts "2026-08-13T23:00:44.521382746Z", :level :debug, :message "Submitting resolution", :context {:caller "0xl0", :workflow-id 0}}
{:ts "2026-08-13T23:00:44.560181681Z", :level :info, :message ":evidence-captured", :context {:type "resolution-challenged", :hash "d066004fd2cfc555b7deb274a4a4e0aea0b604490039e17ea04cfb3fad29f7d6"}}
{:ts "2026-08-13T23:00:44.587217909Z", :level :debug, :message "Submitting resolution", :context {:caller "0xl1", :workflow-id 0}}
{:ts "2026-08-13T23:00:44.625570980Z", :level :info, :message ":evidence-captured", :context {:type "incentive-payout", :hash "4b8093604c2aa55b29242e7fd799f7014247fe0658af043a4880dd76fc732250"}}
{:ts "2026-08-13T23:00:44.636801586Z", :level :info, :message ":evidence-captured", :context {:type "slashing", :hash "8533b41f058bf182ec73ae04f41a0f32e81cdf42ea24dbd87cd1383a5d702db6"}}
{:ts "2026-08-13T23:00:44.671629593Z", :level :info, :message "scenario/end", :context {:id "s104-executed-reversal-slash-not-appealable", :outcome :pass, :ctx/scenario-id "s104-executed-reversal-slash-not-appealable", :ctx/run-id "s104-executed-reversal-slash-not-appealable-run"}}
{:ts "2026-08-13T23:00:44.676126178Z", :level :info, :message "scenario/start", :context {:id "s104-executed-reversal-slash-not-appealable", :ctx/scenario-id "s104-executed-reversal-slash-not-appealable", :ctx/run-id "s104-executed-reversal-slash-not-appealable-run"}}
{:ts "2026-08-13T23:00:44.693141608Z", :level :info, :message ":evidence-captured", :context {:type "stake-registered", :hash "0aef548b3958a553216d7868579ab3391a2a951f9b117eb81d5ff249dce97f27"}}
{:ts "2026-08-13T23:00:44.711931547Z", :level :info, :message ":evidence-captured", :context {:type "stake-registered", :hash "47749b825be4160808e9244ec9b4cb3f3355aae36868b08005d32dacc0a7327e"}}
{:ts "2026-08-13T23:00:44.741304904Z", :level :info, :message ":evidence-captured", :context {:type "escrow-created", :hash "4251f61257cabb9fd2da3a042de4540d03cff35d46270c4097f78c08f99f72ef"}}
{:ts "2026-08-13T23:00:44.769520422Z", :level :info, :message ":evidence-captured", :context {:type "dispute-raised", :hash "4c96738639760407b55fa86ec923a2fcfd86846a5fff29e4240a1789af99ebe6"}}
{:ts "2026-08-13T23:00:44.791984460Z", :level :debug, :message "Submitting resolution", :context {:caller "0xl0", :workflow-id 0}}
{:ts "2026-08-13T23:00:44.825763217Z", :level :info, :message ":evidence-captured", :context {:type "dispute-escalated", :hash "12b2ee6fa42143b6bef75e27b88d7c806e1e7f7a5965a85bab5f00f68291dc60"}}
{:ts "2026-08-13T23:00:44.852575827Z", :level :debug, :message "Submitting resolution", :context {:caller "0xl1", :workflow-id 0}}
{:ts "2026-08-13T23:00:44.899467837Z", :level :info, :message ":evidence-captured", :context {:type "incentive-payout", :hash "4740f9749eb1a74c1f5c928312496f68ce8b743ae6e9310358433a9bf8148bfd"}}
{:ts "2026-08-13T23:00:44.909818688Z", :level :info, :message ":evidence-captured", :context {:type "slashing", :hash "da299400a77e939aa8929b5f46d57e000c1f2ed5b9220edd5f00f5601e0e5149"}}
{:ts "2026-08-13T23:00:44.949546432Z", :level :info, :message ":evidence-captured", :context {:type "escrow-refunded", :hash "9e60773732dac55e8424de54c10b8d7d4997a5822802a7cda728a63e03aa4cd3"}}
{:ts "2026-08-13T23:00:44.973219096Z", :level :info, :message "scenario/end", :context {:id "s105-escalate-challenger-on-reversal", :outcome :pass, :ctx/scenario-id "s105-escalate-challenger-on-reversal", :ctx/run-id "s105-escalate-challenger-on-reversal-run"}}
{:ts "2026-08-13T23:00:44.974127567Z", :level :info, :message "scenario/start", :context {:id "s105-escalate-challenger-on-reversal", :ctx/scenario-id "s105-escalate-challenger-on-reversal", :ctx/run-id "s105-escalate-challenger-on-reversal-run"}}
{:ts "2026-08-13T23:00:44.984544795Z", :level :info, :message ":evidence-captured", :context {:type "stake-registered", :hash "2b937fb152c4303f3092b99fe8192a714d442005541431f1cd4b7bce732f923c"}}
{:ts "2026-08-13T23:00:45.007397539Z", :level :info, :message ":evidence-captured", :context {:type "stake-registered", :hash "b96d8ed3efda65c9f7e30d323a8438e0389197febfc57c05ac3f36581ffeeb97"}}
{:ts "2026-08-13T23:00:45.031317116Z", :level :info, :message ":evidence-captured", :context {:type "escrow-created", :hash "9092f3da5fc8d533a5367440c1e0cc086f5eca39fe58231080c81df4f5890510"}}
{:ts "2026-08-13T23:00:45.061820828Z", :level :info, :message ":evidence-captured", :context {:type "dispute-raised", :hash "ed7cac23d74e3a59b35787835a4dbdf258419c82b9594d187ee26fc27c60d2c0"}}
{:ts "2026-08-13T23:00:45.082724787Z", :level :debug, :message "Submitting resolution", :context {:caller "0xl0", :workflow-id 0}}
{:ts "2026-08-13T23:00:45.116432378Z", :level :info, :message ":evidence-captured", :context {:type "dispute-escalated", :hash "e65777ee2499a4109a66b24c1acbe5f7db1641ecfa90ff3c78b3f29e8003c7c0"}}
{:ts "2026-08-13T23:00:45.151035323Z", :level :info, :message ":evidence-captured", :context {:type "evidence-submitted", :hash "44826061198dc44e099c5a6a2b232dbc245cd6c4f9219b6ba1cd2ba8a5dfc92f"}}
{:ts "2026-08-13T23:00:45.179222727Z", :level :debug, :message "Submitting resolution", :context {:caller "0xl1", :workflow-id 0}}
{:ts "2026-08-13T23:00:45.217434286Z", :level :info, :message ":evidence-captured", :context {:type "fraud-slash-appealed", :hash "2397863345c5a94889385252c25adb3d8fa2da7765d206ccd75982fd40661aa0"}}
{:ts "2026-08-13T23:00:45.258213735Z", :level :debug, :message "Resolving appeal", :context {:appeal-upheld? true, :workflow-id 0, :slash-id 0}}
{:ts "2026-08-13T23:00:45.272363415Z", :level :info, :message ":evidence-captured", :context {:type "reversed", :hash "2708c9a356aec52bb7b0ab43df087a73fa3d245a89961d549aecef430c45c88f"}}
{:ts "2026-08-13T23:00:45.316384905Z", :level :info, :message ":evidence-captured", :context {:type "escrow-refunded", :hash "e88b812094368b15379babb264a52deae6646ac19a56307c172c3a29b3483349"}}
{:ts "2026-08-13T23:00:45.342096927Z", :level :info, :message "scenario/end", :context {:id "s106-reversal-track2-evidence-appeal", :outcome :pass, :ctx/scenario-id "s106-reversal-track2-evidence-appeal", :ctx/run-id "s106-reversal-track2-evidence-appeal-run"}}
{:ts "2026-08-13T23:00:45.342857424Z", :level :info, :message "scenario/start", :context {:id "s106-reversal-track2-evidence-appeal", :ctx/scenario-id "s106-reversal-track2-evidence-appeal", :ctx/run-id "s106-reversal-track2-evidence-appeal-run"}}
{:ts "2026-08-13T23:00:45.352967754Z", :level :info, :message ":evidence-captured", :context {:type "stake-registered", :hash "43e4ec94c5bf38cc88f3f10cedc4fb3c4c9074f2c19d86f76c37a4220246724e"}}
{:ts "2026-08-13T23:00:45.374069843Z", :level :info, :message ":evidence-captured", :context {:type "stake-registered", :hash "42ae41da652cd723ecde1556f89ed5d82ba3d52673e36306b0009d3100da2964"}}
{:ts "2026-08-13T23:00:45.394717772Z", :level :info, :message ":evidence-captured", :context {:type "escrow-created", :hash "578ad5cb9efc4978085bc494cd41c24f3e8ff04410aed97d906bfaafe2a0d9f7"}}
{:ts "2026-08-13T23:00:45.424683624Z", :level :info, :message ":evidence-captured", :context {:type "dispute-raised", :hash "392e0d695353cf0f4d7a45949b84cfc4d0362145b50a1e7911f182d46ab2bf49"}}
{:ts "2026-08-13T23:00:45.448676311Z", :level :debug, :message "Submitting resolution", :context {:caller "0xl0", :workflow-id 0}}
{:ts "2026-08-13T23:00:45.481426687Z", :level :info, :message ":evidence-captured", :context {:type "dispute-escalated", :hash "90ca26f4162b7a51202d1d2c757d8f5dd5e42de25b52c7e44ac3f6fbfab43121"}}
{:ts "2026-08-13T23:00:45.507916739Z", :level :info, :message ":evidence-captured", :context {:type "evidence-submitted", :hash "f24090d1cab1dabe439b25d0d783a4aa034c326796e285be4aacaf2b2dbc0edb"}}
{:ts "2026-08-13T23:00:45.529095937Z", :level :debug, :message "Submitting resolution", :context {:caller "0xl1", :workflow-id 0}}
{:ts "2026-08-13T23:00:45.560456250Z", :level :info, :message ":evidence-captured", :context {:type "fraud-slash-appealed", :hash "90eeb13ee982d64e643bb61bbfb7a882693ef701950167867f816117e279e80b"}}
{:ts "2026-08-13T23:00:45.586114217Z", :level :debug, :message "Resolving appeal", :context {:appeal-upheld? false, :workflow-id 0, :slash-id 0}}
{:ts "2026-08-13T23:00:45.599720305Z", :level :info, :message ":evidence-captured", :context {:type "rejected-no-bond", :hash "ce786e1c2d34770a3ec2da386ebbf92409ff8c3ec71a85484686f302ee234ffa"}}
{:ts "2026-08-13T23:00:45.671808248Z", :level :info, :message ":evidence-captured", :context {:type "slashing", :hash "f0438e0400d86c2b2c162c0ab9e63ed2af7a3128b420575f2ecf8dad3fd83b78"}}
{:ts "2026-08-13T23:00:45.686496379Z", :level :info, :message ":evidence-captured", :context {:type "resolver-unavailability-changed", :hash "c7c9b831b9fd0ed6e1c682d081d4678927ceab25c2ee3a63abc93a01f8ebf7df"}}
{:ts "2026-08-13T23:00:45.759706341Z", :level :info, :message ":evidence-captured", :context {:type :slash/prorata-allocation, :hash "90b63bdf0b9ef241fd1b2cb348963c0d2d51824705962d0538e0a96a6dc17914"}}
Wrote allocation result artifact: allocation-result-allocation-pro-rata-f9090ba0b9e414d3-d14cb03bab74bb42.json
{:ts "2026-08-13T23:00:45.775727837Z", :level :info, :message ":evidence-captured", :context {:type "resolver-frozen", :hash "b36d7db7b40b5ad97bf51f554a88bde296ab6a1d143881444ff8664a8938e1d3"}}
{:ts "2026-08-13T23:00:45.830401556Z", :level :info, :message ":evidence-captured", :context {:type "escrow-refunded", :hash "941be39b587f36e77514ed3c3aa0ef2b7a75b0449c2e5deb4cf5be16b7e978ec"}}
{:ts "2026-08-13T23:00:45.859123514Z", :level :info, :message "scenario/end", :context {:id "s107-reversal-track2-appeal-rejected-executes", :outcome :pass, :ctx/scenario-id "s107-reversal-track2-appeal-rejected-executes", :ctx/run-id "s107-reversal-track2-appeal-rejected-executes-run"}}
{:ts "2026-08-13T23:00:45.860335326Z", :level :info, :message "scenario/start", :context {:id "s107-reversal-track2-appeal-rejected-executes", :ctx/scenario-id "s107-reversal-track2-appeal-rejected-executes", :ctx/run-id "s107-reversal-track2-appeal-rejected-executes-run"}}
{:ts "2026-08-13T23:00:45.886298338Z", :level :info, :message ":evidence-captured", :context {:type "stake-registered", :hash "aeb2375d231e42d626184525715ebd5802328e9da9d09305e1eb6b30180dde25"}}
{:ts "2026-08-13T23:00:45.923758558Z", :level :info, :message ":evidence-captured", :context {:type "escrow-created", :hash "67f834e6691ea35c9f8099424cd1a93b13250e37d1d8b6a836f814b5751de98e"}}
{:ts "2026-08-13T23:00:45.949781044Z", :level :info, :message ":evidence-captured", :context {:type "dispute-raised", :hash "f6f97487923a529e6e5d0eadd8d880d2208f98d1ecf93a000a108d1d10c04ade"}}
{:ts "2026-08-13T23:00:45.969051664Z", :level :debug, :message "Submitting resolution", :context {:caller "0xjunior", :workflow-id 0}}
{:ts "2026-08-13T23:00:45.998120537Z", :level :info, :message ":evidence-captured", :context {:type "fraud-slash-proposed", :hash "0500d82a0b6576aefc76709651538cb93dda7d8af8cf6898a0bdec3004865b64"}}
{:ts "2026-08-13T23:00:45.998717431Z", :level :debug, :message "handle-fraud-slashing", :context {:now 1130, :appeal-window 120, :ctx/scenario-id "s108-coverage-consumed-by-slash", :ctx/run-id "s108-coverage-consumed-by-slash-run", :ctx/event-index 6, :ctx/event-type "propose_fraud_slash"}}
{:ts "2026-08-13T23:00:46.034780925Z", :level :info, :message ":evidence-captured", :context {:type "escrow-released", :hash "c4a44791805507bd6592ed0bbf9056348998abc15bad19cc6aa24a188166e98a"}}
{:ts "2026-08-13T23:00:46.106366926Z", :level :info, :message ":evidence-captured", :context {:type "slashing", :hash "cc5f529698b90c5295b88e349be16b8707c993832ad3a1d8ef96cfa8c6b5e99d"}}
{:ts "2026-08-13T23:00:46.125765271Z", :level :info, :message ":evidence-captured", :context {:type "resolver-unavailability-changed", :hash "c776c386acd930c65d7b87e30a9d2240a7e2ab7e9d43fc14a19a933a0a15fe81"}}
{:ts "2026-08-13T23:00:46.188465728Z", :level :info, :message ":evidence-captured", :context {:type :slash/prorata-allocation, :hash "c25c371a60afa19b4d2af60c11f81495860168b732b74d95cd8241934f91086d"}}
Wrote allocation result artifact: allocation-result-allocation-pro-rata-469461b3d52bdf14-59538108d1216669.json
{:ts "2026-08-13T23:00:46.207433709Z", :level :info, :message ":evidence-captured", :context {:type "resolver-frozen", :hash "1c1cfe343ce3a8161c092bc546c227fe94e8b45c00c5825ee233f54db663e79b"}}
{:ts "2026-08-13T23:00:46.233281771Z", :level :info, :message "scenario/end", :context {:id "s108-coverage-consumed-by-slash", :outcome :pass, :ctx/scenario-id "s108-coverage-consumed-by-slash", :ctx/run-id "s108-coverage-consumed-by-slash-run"}}
{:ts "2026-08-13T23:00:46.234000808Z", :level :info, :message "scenario/start", :context {:id "s108-coverage-consumed-by-slash", :ctx/scenario-id "s108-coverage-consumed-by-slash", :ctx/run-id "s108-coverage-consumed-by-slash-run"}}
{:ts "2026-08-13T23:00:46.256865134Z", :level :info, :message ":evidence-captured", :context {:type "stake-registered", :hash "01598622f17d7805fa9c857ae71d4b87795946c68ee3eaaa2a7777fa8f9a6af4"}}
{:ts "2026-08-13T23:00:46.296932449Z", :level :info, :message ":evidence-captured", :context {:type "escrow-created", :hash "d4f7050b40a4902e4c7874ba269ca703dee7e2793cd84f273380541860673e0e"}}
{:ts "2026-08-13T23:00:46.329041496Z", :level :info, :message ":evidence-captured", :context {:type "dispute-raised", :hash "18b89326a416b3d23b4e906bb20cdc23278b26edcc9b94149c0a6ba2206a1a51"}}
{:ts "2026-08-13T23:00:46.350696976Z", :level :debug, :message "Submitting resolution", :context {:caller "0xjunior", :workflow-id 0}}
{:ts "2026-08-13T23:00:46.381726294Z", :level :info, :message ":evidence-captured", :context {:type "fraud-slash-proposed", :hash "eba8475fb4b812e809dd1d2ce695c91b248d3fa75445cbfcb60f1642f2ae4715"}}
{:ts "2026-08-13T23:00:46.382104038Z", :level :debug, :message "handle-fraud-slashing", :context {:now 1130, :appeal-window 120, :ctx/scenario-id "s109-coverage-exhausted-by-slash", :ctx/run-id "s109-coverage-exhausted-by-slash-run", :ctx/event-index 6, :ctx/event-type "propose_fraud_slash"}}
{:ts "2026-08-13T23:00:46.427441330Z", :level :info, :message ":evidence-captured", :context {:type "escrow-released", :hash "21406aa7feb37528bb7681158f2c2d883e804cb2333ac5c4d7379844396a3cea"}}
{:ts "2026-08-13T23:00:46.506227195Z", :level :info, :message ":evidence-captured", :context {:type "slashing", :hash "09d2c90b9d2661d7f25a5ac83e24c68d16a8f359a0a4d3c5f536702d8f93f000"}}
{:ts "2026-08-13T23:00:46.527260072Z", :level :info, :message ":evidence-captured", :context {:type "resolver-unavailability-changed", :hash "fb9e0027b7569980ca826f45a38db45f562550786141dc1970afc4e0b5b24225"}}
{:ts "2026-08-13T23:00:46.597267408Z", :level :info, :message ":evidence-captured", :context {:type :slash/prorata-allocation, :hash "cc61f82c2c4d233a8e3114da14f0cc5fb4d1580fc2a424a53d0ead373717f9e4"}}
Wrote allocation result artifact: allocation-result-allocation-pro-rata-86b5cd27ab0c8693-88e1040cdb1891c0.json
{:ts "2026-08-13T23:00:46.616841640Z", :level :info, :message ":evidence-captured", :context {:type "resolver-frozen", :hash "175b4d6c2cff0bd3192795a00319c99cc558ab3ac283597151effeb9d3bafc60"}}
{:ts "2026-08-13T23:00:46.647773292Z", :level :info, :message "scenario/end", :context {:id "s109-coverage-exhausted-by-slash", :outcome :pass, :ctx/scenario-id "s109-coverage-exhausted-by-slash", :ctx/run-id "s109-coverage-exhausted-by-slash-run"}}
{:ts "2026-08-13T23:00:46.648734594Z", :level :info, :message "scenario/start", :context {:id "s109-coverage-exhausted-by-slash", :ctx/scenario-id "s109-coverage-exhausted-by-slash", :ctx/run-id "s109-coverage-exhausted-by-slash-run"}}
{:ts "2026-08-13T23:00:46.679942224Z", :level :info, :message ":evidence-captured", :context {:type "stake-registered", :hash "147a04314f45318600a7da69318a9c93642e6291743da8180d42e272b84326ad"}}
{:ts "2026-08-13T23:00:46.702342611Z", :level :info, :message ":evidence-captured", :context {:type "stake-registered", :hash "35d45b8290a91fba11b9142a023cb7f3d041a0fb3a14ab52bb8987bf5e209f13"}}
{:ts "2026-08-13T23:00:46.762801644Z", :level :info, :message ":evidence-captured", :context {:type "escrow-created", :hash "d9f4148011d33c9d903ca73e4a8ec563c7179afe3656bde1a5f9f144b4e77b0e"}}
{:ts "2026-08-13T23:00:46.798714980Z", :level :info, :message ":evidence-captured", :context {:type "dispute-raised", :hash "955e6e23b6ddd0637cf2b3b045499e857eadf291dbff4814073ebcf0c55f4cc0"}}
{:ts "2026-08-13T23:00:46.826225948Z", :level :debug, :message "Submitting resolution", :context {:caller "0xjuniorA", :workflow-id 0}}
{:ts "2026-08-13T23:00:46.861583279Z", :level :info, :message ":evidence-captured", :context {:type "fraud-slash-proposed", :hash "02efe872155ff836e9b9e5498493e8b442abb2d9a359b2d2c2c0af32801bd714"}}
{:ts "2026-08-13T23:00:46.862802655Z", :level :debug, :message "handle-fraud-slashing", :context {:now 1230, :appeal-window 120, :ctx/scenario-id "s110-multi-junior-coverage", :ctx/run-id "s110-multi-junior-coverage-run", :ctx/event-index 8, :ctx/event-type "propose_fraud_slash"}}
{:ts "2026-08-13T23:00:46.903375117Z", :level :info, :message ":evidence-captured", :context {:type "escrow-released", :hash "8896249f0503b7b4172658dc6adfae95cfcaa9e150bb064d8b979e84d5bc516f"}}
{:ts "2026-08-13T23:00:46.965608420Z", :level :info, :message ":evidence-captured", :context {:type "slashing", :hash "71a77b69f7b808d772430d9be98944ed9efd6648ecc40b34a66249cdd760d76b"}}
{:ts "2026-08-13T23:00:46.978874496Z", :level :info, :message ":evidence-captured", :context {:type "resolver-unavailability-changed", :hash "7e07785cc589380f6059a0de9efd317d5ba60fe401939acb5901a95ddd8214c7"}}
{:ts "2026-08-13T23:00:47.033416613Z", :level :info, :message ":evidence-captured", :context {:type :slash/prorata-allocation, :hash "bca5bbaa21038facf5f94ceeb865557a0290b07fee5ec8ec7457dbd509765941"}}
Wrote allocation result artifact: allocation-result-allocation-pro-rata-08ec583e564bb776-b70ac1e7ed6524cb.json
{:ts "2026-08-13T23:00:47.047632639Z", :level :info, :message ":evidence-captured", :context {:type "resolver-frozen", :hash "98238a4accc5fe5b9d183c87a314264fa0b172691bc28561c7abe09f6ecf2e27"}}
{:ts "2026-08-13T23:00:47.103564088Z", :level :debug, :message "guard/rejected", :context {:workflow-id 1, :error :invalid-workflow-id, :ctx/scenario-id "s110-multi-junior-coverage", :ctx/run-id "s110-multi-junior-coverage-run", :ctx/event-index 13, :ctx/event-type "execute_resolution"}}
{:ts "2026-08-13T23:00:47.105200042Z", :level :info, :message ":evidence-captured", :context {:type "guard-rejected", :hash "22cb84318189cb821acfb607ad6358ec25541bd544398b5ab4f15aef8fee26a6"}}
{:ts "2026-08-13T23:00:47.132044544Z", :level :info, :message ":evidence-captured", :context {:type "fraud-slash-rejected", :hash "78fffa89c600de034880eb1d2fa132b580b5151e6c3fe0a7af379ad78e6ce0ce"}}
{:ts "2026-08-13T23:00:47.145747056Z", :level :debug, :message "guard/rejected", :context {:workflow-id 1, :error :invalid-workflow-id, :ctx/scenario-id "s110-multi-junior-coverage", :ctx/run-id "s110-multi-junior-coverage-run", :ctx/event-index 15, :ctx/event-type "execute_pending_settlement"}}
{:ts "2026-08-13T23:00:47.147547065Z", :level :info, :message ":evidence-captured", :context {:type "guard-rejected", :hash "5ccebeb9e79afde4826302c6869cc1b5063b1f71b19153c7ead65090e221a48d"}}
{:ts "2026-08-13T23:00:47.168139347Z", :level :info, :message "scenario/end", :context {:id "s110-multi-junior-coverage", :outcome :pass, :ctx/scenario-id "s110-multi-junior-coverage", :ctx/run-id "s110-multi-junior-coverage-run"}}
{:ts "2026-08-13T23:00:47.169032238Z", :level :info, :message "scenario/start", :context {:id "s110-multi-junior-coverage", :ctx/scenario-id "s110-multi-junior-coverage", :ctx/run-id "s110-multi-junior-coverage-run"}}
{:ts "2026-08-13T23:00:47.193540774Z", :level :info, :message ":evidence-captured", :context {:type "stake-registered", :hash "f107630b3448d4f5940a263bb77919f928be90f03feb63b69266c256572bcf41"}}
{:ts "2026-08-13T23:00:47.228173226Z", :level :info, :message ":evidence-captured", :context {:type "escrow-created", :hash "c2e7f705b87e2fc04fab2e7006cf4229e990cf9b23af2fd0b4bee115214f565b"}}
{:ts "2026-08-13T23:00:47.254695580Z", :level :info, :message ":evidence-captured", :context {:type "dispute-raised", :hash "c813f9b8f8b7de988b59874c65f26fc6150546d2d73b03d2ab7b005b059ff0bc"}}
{:ts "2026-08-13T23:00:47.281325630Z", :level :debug, :message "Submitting resolution", :context {:caller "0xjunior", :workflow-id 0}}
{:ts "2026-08-13T23:00:47.312450221Z", :level :info, :message ":evidence-captured", :context {:type "fraud-slash-proposed", :hash "de5ff3ad20cb976fdf19b168c6d881b1f8584624ee93dc403cec7ae6202add9e"}}
{:ts "2026-08-13T23:00:47.312827374Z", :level :debug, :message "handle-fraud-slashing", :context {:now 1130, :appeal-window 120, :ctx/scenario-id "s111-gradual-coverage-exhaustion", :ctx/run-id "s111-gradual-coverage-exhaustion-run", :ctx/event-index 6, :ctx/event-type "propose_fraud_slash"}}
{:ts "2026-08-13T23:00:47.349563556Z", :level :info, :message ":evidence-captured", :context {:type "escrow-released", :hash "ab17d9ff37477a4516aed4daa6f772bbf908321cf1621bef4f272da33820d056"}}
{:ts "2026-08-13T23:00:47.429639403Z", :level :info, :message ":evidence-captured", :context {:type "slashing", :hash "7072228cdea978b006eeb1cdd89a71c5889d5ae2bcd81673da221ab583e32603"}}
{:ts "2026-08-13T23:00:47.441280286Z", :level :info, :message ":evidence-captured", :context {:type "resolver-unavailability-changed", :hash "462db1ccd868792249b84ee473f7535efb5150972907c8da96c0a35a8aae4ab8"}}
{:ts "2026-08-13T23:00:47.489644196Z", :level :info, :message ":evidence-captured", :context {:type :slash/prorata-allocation, :hash "442ec74d6ae22b49876f05c4eed49cc5111834db04aeb5ba85f8c6f5d74e1cb3"}}
Wrote allocation result artifact: allocation-result-allocation-pro-rata-e1d5182f9c2a8549-894d27a3f229aa57.json
{:ts "2026-08-13T23:00:47.500252620Z", :level :info, :message ":evidence-captured", :context {:type "resolver-frozen", :hash "1db8bb603fc528da72d9246c9d121a2498ad345d48fce77d65aeb26d74c7db9d"}}
{:ts "2026-08-13T23:00:47.556568676Z", :level :debug, :message "guard/rejected", :context {:workflow-id 1, :error :invalid-workflow-id, :ctx/scenario-id "s111-gradual-coverage-exhaustion", :ctx/run-id "s111-gradual-coverage-exhaustion-run", :ctx/event-index 11, :ctx/event-type "execute_resolution"}}
{:ts "2026-08-13T23:00:47.558222705Z", :level :info, :message ":evidence-captured", :context {:type "guard-rejected", :hash "cd0d83e4e692e34c608db9af4302e1002fc38bf6d763e1e13c91c5e461be1165"}}
{:ts "2026-08-13T23:00:47.590128363Z", :level :info, :message ":evidence-captured", :context {:type "fraud-slash-rejected", :hash "dd689c623dd7a983cd10f46281536ef3ba69c1c2cf34ce42af76e8c3285cf292"}}
{:ts "2026-08-13T23:00:47.605312814Z", :level :debug, :message "guard/rejected", :context {:workflow-id 1, :error :invalid-workflow-id, :ctx/scenario-id "s111-gradual-coverage-exhaustion", :ctx/run-id "s111-gradual-coverage-exhaustion-run", :ctx/event-index 13, :ctx/event-type "execute_pending_settlement"}}
{:ts "2026-08-13T23:00:47.607159352Z", :level :info, :message ":evidence-captured", :context {:type "guard-rejected", :hash "ae4d51e6be936e0be080e4ccece7af95401dfd0ee1e303dfb4827c9b542c4db7"}}
{:ts "2026-08-13T23:00:47.679938329Z", :level :debug, :message "guard/rejected", :context {:workflow-id 2, :error :invalid-workflow-id, :ctx/scenario-id "s111-gradual-coverage-exhaustion", :ctx/run-id "s111-gradual-coverage-exhaustion-run", :ctx/event-index 17, :ctx/event-type "execute_resolution"}}
{:ts "2026-08-13T23:00:47.681747796Z", :level :info, :message ":evidence-captured", :context {:type "guard-rejected", :hash "a8268030916cbd03f4c8e06aa849bad7071996eb9fa4d1d209b6f2e57d06b98c"}}
{:ts "2026-08-13T23:00:47.711601232Z", :level :info, :message ":evidence-captured", :context {:type "fraud-slash-rejected", :hash "2b7211500c5f1ce826f9e1a582660a8a61b8395845861bdbb48d0f48dc0bfea4"}}
{:ts "2026-08-13T23:00:47.724015526Z", :level :debug, :message "guard/rejected", :context {:workflow-id 2, :error :invalid-workflow-id, :ctx/scenario-id "s111-gradual-coverage-exhaustion", :ctx/run-id "s111-gradual-coverage-exhaustion-run", :ctx/event-index 19, :ctx/event-type "execute_pending_settlement"}}
{:ts "2026-08-13T23:00:47.725711545Z", :level :info, :message ":evidence-captured", :context {:type "guard-rejected", :hash "33b60fb7b32a83b70cfb888afee39666a9ccab986e95634fa6699bb5d1f03895"}}
{:ts "2026-08-13T23:00:47.751181203Z", :level :info, :message "scenario/end", :context {:id "s111-gradual-coverage-exhaustion", :outcome :pass, :ctx/scenario-id "s111-gradual-coverage-exhaustion", :ctx/run-id "s111-gradual-coverage-exhaustion-run"}}
{:ts "2026-08-13T23:00:47.752011012Z", :level :info, :message "scenario/start", :context {:id "s111-gradual-coverage-exhaustion", :ctx/scenario-id "s111-gradual-coverage-exhaustion", :ctx/run-id "s111-gradual-coverage-exhaustion-run"}}
{:ts "2026-08-13T23:00:47.791526209Z", :level :info, :message "scenario/end", :context {:id "s112-coverage-exceeded-error", :outcome :pass, :ctx/scenario-id "s112-coverage-exceeded-error", :ctx/run-id "s112-coverage-exceeded-error-run"}}
{:ts "2026-08-13T23:00:47.792611919Z", :level :info, :message "scenario/start", :context {:id "s112-coverage-exceeded-error", :ctx/scenario-id "s112-coverage-exceeded-error", :ctx/run-id "s112-coverage-exceeded-error-run"}}
{:ts "2026-08-13T23:00:47.817578052Z", :level :info, :message ":evidence-captured", :context {:type "stake-registered", :hash "0be6050a9bc7fea20f8a9b7bf87b37ace1895ef494d8cde7f53469defc215525"}}
{:ts "2026-08-13T23:00:47.850718165Z", :level :info, :message ":evidence-captured", :context {:type "escrow-created", :hash "52cec93ac13d26cd8a2bb21e672a00c87aec1ad1ae62c1afaa110e4e4c2a9164"}}
{:ts "2026-08-13T23:00:47.878522605Z", :level :info, :message ":evidence-captured", :context {:type "dispute-raised", :hash "0732a4abf63d1dd50e9b1ea41eb1ee6ff370dbd066a0f23d134161d9e3445c63"}}
{:ts "2026-08-13T23:00:47.898806467Z", :level :debug, :message "Submitting resolution", :context {:caller "0xjunior", :workflow-id 0}}
{:ts "2026-08-13T23:00:47.928700370Z", :level :info, :message ":evidence-captured", :context {:type "fraud-slash-proposed", :hash "01fe4f59943d80e2c47db9d2374ce766207ed2f2383f2e24e58521962394e636"}}
{:ts "2026-08-13T23:00:47.929102030Z", :level :debug, :message "handle-fraud-slashing", :context {:now 1130, :appeal-window 120, :ctx/scenario-id "s113-insurance-bps-override", :ctx/run-id "s113-insurance-bps-override-run", :ctx/event-index 6, :ctx/event-type "propose_fraud_slash"}}
{:ts "2026-08-13T23:00:47.963630402Z", :level :info, :message ":evidence-captured", :context {:type "escrow-released", :hash "0c486f247b41ef0ad684b73bea664b4a4d1eefe0e710ed7e70da5b01ba6dfe77"}}
{:ts "2026-08-13T23:00:48.025409404Z", :level :info, :message ":evidence-captured", :context {:type "slashing", :hash "6d729db70aea023795d7f8c138e06b6d3020d4d1c0ef005cc4640e13d2e84d41"}}
{:ts "2026-08-13T23:00:48.038065863Z", :level :info, :message ":evidence-captured", :context {:type "resolver-unavailability-changed", :hash "bbd22f0a58cb08eb14f92ef9e1ffb932aa3714164191c32480ac50c6c5a34ef5"}}
{:ts "2026-08-13T23:00:48.094072245Z", :level :info, :message ":evidence-captured", :context {:type :slash/prorata-allocation, :hash "50ba1f1bf8d38bcec842c142f61ffb337503f26ffdd22361a6cb09323de93a1c"}}
Wrote allocation result artifact: allocation-result-allocation-pro-rata-8d5bb413967e0ee3-46c65b769843ac90.json
{:ts "2026-08-13T23:00:48.106494565Z", :level :info, :message ":evidence-captured", :context {:type "resolver-frozen", :hash "01bb0ef0d3d73de1916d4e14656ba5cc5cde5986281a3aa9551895b211e5d2f8"}}
{:ts "2026-08-13T23:00:48.130877600Z", :level :info, :message "scenario/end", :context {:id "s113-insurance-bps-override", :outcome :pass, :ctx/scenario-id "s113-insurance-bps-override", :ctx/run-id "s113-insurance-bps-override-run"}}
{:ts "2026-08-13T23:00:48.132064454Z", :level :info, :message "scenario/start", :context {:id "s113-insurance-bps-override", :ctx/scenario-id "s113-insurance-bps-override", :ctx/run-id "s113-insurance-bps-override-run"}}
{:ts "2026-08-13T23:00:48.142186547Z", :level :info, :message ":evidence-captured", :context {:type "stake-registered", :hash "59deeaee695f0c4e4c24423bedd93390dc0579f5265c235342111f6d81549cab"}}
{:ts "2026-08-13T23:00:48.164068901Z", :level :info, :message ":evidence-captured", :context {:type "stake-registered", :hash "885c352c57911f9876ecaa9f6cb30d8d7e60f4d13c41720029957bed1544e37f"}}
{:ts "2026-08-13T23:00:48.190879928Z", :level :info, :message ":evidence-captured", :context {:type "escrow-created", :hash "ef6c1df93cb8bc5b22850645e723e90da7c1d65b42bab4de83803b4418c7f971"}}
{:ts "2026-08-13T23:00:48.223040634Z", :level :info, :message ":evidence-captured", :context {:type "dispute-raised", :hash "335150faecf90b2305c38f15bcdbb2c0d38698ba94048aec21e8f4c2dd093c7b"}}
{:ts "2026-08-13T23:00:48.248964231Z", :level :debug, :message "Submitting resolution", :context {:caller "0xl0", :workflow-id 0}}
{:ts "2026-08-13T23:00:48.287762635Z", :level :info, :message ":evidence-captured", :context {:type "resolution-challenged", :hash "e25ccb45d5fa09c04a1f599bdfd12c26aa9550d2703b71ee670ba843c9649362"}}
{:ts "2026-08-13T23:00:48.314252757Z", :level :debug, :message "Submitting resolution", :context {:caller "0xl1", :workflow-id 0}}
{:ts "2026-08-13T23:00:48.350661773Z", :level :info, :message ":evidence-captured", :context {:type "incentive-payout", :hash "baa8a130ac75ce5b8033b5a9e54302ce78b8318bf553f03724fb6a6e56aebc7e"}}
{:ts "2026-08-13T23:00:48.367835696Z", :level :info, :message ":evidence-captured", :context {:type "slashing", :hash "2fe2c970dfc2ff2c362bff12e6a058c7285a1e76531c525d733d0c277aeda12c"}}
{:ts "2026-08-13T23:00:48.408421895Z", :level :info, :message ":evidence-captured", :context {:type "escrow-refunded", :hash "474e94002080aa5e6bb128d36661e2292b0dcc5717b913fed65ebdf564aa30e7"}}
{:ts "2026-08-13T23:00:48.436039958Z", :level :info, :message "scenario/end", :context {:id "s43-dr3-kleros-reversal-slash", :outcome :pass, :ctx/scenario-id "s43-dr3-kleros-reversal-slash", :ctx/run-id "s43-dr3-kleros-reversal-slash-run"}}
{:ts "2026-08-13T23:00:48.436784825Z", :level :info, :message "scenario/start", :context {:id "s43-dr3-kleros-reversal-slash", :ctx/scenario-id "s43-dr3-kleros-reversal-slash", :ctx/run-id "s43-dr3-kleros-reversal-slash-run"}}
{:ts "2026-08-13T23:00:48.448669435Z", :level :info, :message ":evidence-captured", :context {:type "escrow-created", :hash "ae5f6f5c045c3bbdd2e77cc26782a6c659b45ddeb050d83234a7c6ee1fda2ba6"}}
{:ts "2026-08-13T23:00:48.482833249Z", :level :info, :message ":evidence-captured", :context {:type "dispute-raised", :hash "3452252ee29b4de323c1d683b60614498b1e5c4a2c8345116ffb15c02c1ed23a"}}
{:ts "2026-08-13T23:00:48.507953627Z", :level :debug, :message "Submitting resolution", :context {:caller "0xresolver", :workflow-id 0}}
{:ts "2026-08-13T23:00:48.519467346Z", :level :info, :message ":evidence-captured", :context {:type "escrow-released", :hash "1186408e64303f529aa3495bbbd7340cef1d53a2b086f6f426f0657da18169be"}}
{:ts "2026-08-13T23:00:48.548257104Z", :level :debug, :message "guard/rejected", :context {:escrow-state :released, :workflow-id 0, :error :transfer-not-in-dispute, :ctx/scenario-id "s66-cooldown-boundary-reorg", :ctx/run-id "s66-cooldown-boundary-reorg-run", :ctx/event-index 3, :ctx/event-type "escalate_dispute"}}
{:ts "2026-08-13T23:00:48.550514920Z", :level :info, :message ":evidence-captured", :context {:type "guard-rejected", :hash "529c643c21432f41fcdf8a540046826c3071769d29f1942ea1836a8ef4f1ce3c"}}
{:ts "2026-08-13T23:00:48.566842291Z", :level :debug, :message "guard/rejected", :context {:escrow-state :released, :workflow-id 0, :error :transfer-not-in-dispute, :ctx/scenario-id "s66-cooldown-boundary-reorg", :ctx/run-id "s66-cooldown-boundary-reorg-run", :ctx/event-index 4, :ctx/event-type "escalate_dispute"}}
{:ts "2026-08-13T23:00:48.568479228Z", :level :info, :message ":evidence-captured", :context {:type "guard-rejected", :hash "ace70e4ff6700f79adbad0adccdef94c9d2a15648b659ba01a44d9efc868d358"}}
{:ts "2026-08-13T23:00:48.580751420Z", :level :debug, :message "guard/rejected", :context {:escrow-state :released, :workflow-id 0, :error :transfer-not-in-dispute, :ctx/scenario-id "s66-cooldown-boundary-reorg", :ctx/run-id "s66-cooldown-boundary-reorg-run", :ctx/event-index 5, :ctx/event-type "escalate_dispute"}}
{:ts "2026-08-13T23:00:48.582671829Z", :level :info, :message ":evidence-captured", :context {:type "guard-rejected", :hash "eab6a76b76f6594a3ad1d0f6fbb5ad62cb030e24aef15c7070250b6c5df1d75f"}}
{:ts "2026-08-13T23:00:48.590374467Z", :level :info, :message "scenario/end", :context {:id "s66-cooldown-boundary-reorg", :outcome :pass, :ctx/scenario-id "s66-cooldown-boundary-reorg", :ctx/run-id "s66-cooldown-boundary-reorg-run"}}
{:ts "2026-08-13T23:00:48.591344725Z", :level :info, :message "scenario/start", :context {:id "s66-cooldown-boundary-reorg", :ctx/scenario-id "s66-cooldown-boundary-reorg", :ctx/run-id "s66-cooldown-boundary-reorg-run"}}
{:ts "2026-08-13T23:00:48.611562390Z", :level :info, :message ":evidence-captured", :context {:type "escrow-created", :hash "75f9085c9f928d4af9725b0850de592581c86afec00d2626609f12d38a5c969b"}}
{:ts "2026-08-13T23:00:48.643351324Z", :level :info, :message ":evidence-captured", :context {:type "escrow-released", :hash "0f6fe2682f21342da72858ef2340161b252480db2aa6820cb0cb5c8538cd6498"}}
{:ts "2026-08-13T23:00:48.688868009Z", :level :info, :message "scenario/end", :context {:id "s67-reentrancy-callback", :outcome :pass, :ctx/scenario-id "s67-reentrancy-callback", :ctx/run-id "s67-reentrancy-callback-run"}}
{:ts "2026-08-13T23:00:48.689762624Z", :level :info, :message "scenario/start", :context {:id "s67-reentrancy-callback", :ctx/scenario-id "s67-reentrancy-callback", :ctx/run-id "s67-reentrancy-callback-run"}}
{:ts "2026-08-13T23:00:48.704541849Z", :level :info, :message ":evidence-captured", :context {:type "escrow-created", :hash "077e340ea05b02fadf6601a4cc8abbe87086a3e8f797b39da46c429898b23423"}}
{:ts "2026-08-13T23:00:48.736315183Z", :level :info, :message ":evidence-captured", :context {:type "escrow-refunded", :hash "3b7c247e6150e8453d72f0b179d464d3c04c6e4939a533ff7f1ea5cda811567e"}}
{:ts "2026-08-13T23:00:48.756878170Z", :level :info, :message "scenario/end", :context {:id "s-extortion-unilateral-cancel", :outcome :pass, :ctx/scenario-id "s-extortion-unilateral-cancel", :ctx/run-id "s-extortion-unilateral-cancel-run"}}
{:ts "2026-08-13T23:00:48.757807661Z", :level :info, :message "scenario/start", :context {:id "s-extortion-unilateral-cancel", :ctx/scenario-id "s-extortion-unilateral-cancel", :ctx/run-id "s-extortion-unilateral-cancel-run"}}
{:ts "2026-08-13T23:00:48.772222498Z", :level :info, :message ":evidence-captured", :context {:type "escrow-created", :hash "1f6cfe02df0799777c753fe5b028d2f88500ec22a4ee93dffdc90ec55376ff9f"}}
{:ts "2026-08-13T23:00:48.803184528Z", :level :info, :message ":evidence-captured", :context {:type "escrow-refunded", :hash "33e5dcb125055ee9b6542d637ba41f8efe89d8f5843917eedfd7d580827d55eb"}}
{:ts "2026-08-13T23:00:48.824407158Z", :level :info, :message "scenario/end", :context {:id "s-extortion-unilateral-cancel-dual", :outcome :pass, :ctx/scenario-id "s-extortion-unilateral-cancel-dual", :ctx/run-id "s-extortion-unilateral-cancel-dual-run"}}
{:ts "2026-08-13T23:00:48.825158838Z", :level :info, :message "scenario/start", :context {:id "s-extortion-unilateral-cancel-dual", :ctx/scenario-id "s-extortion-unilateral-cancel-dual", :ctx/run-id "s-extortion-unilateral-cancel-dual-run"}}
{:ts "2026-08-13T23:00:48.838256261Z", :level :info, :message ":evidence-captured", :context {:type "escrow-created", :hash "42cda1a04cdb189a30ca278773445e95886046fbb2bcf62b86c91fd6ca0da92b"}}
{:ts "2026-08-13T23:00:48.895264192Z", :level :info, :message ":evidence-captured", :context {:type "dispute-raised", :hash "5620da3f6fa2527efab9dccfaf3c51bb1eeb0b2e9e842e95188e58469716cdf8"}}
{:ts "2026-08-13T23:00:48.919344498Z", :level :info, :message "scenario/end", :context {:id "s-same-timestamp-cancel-vs-dispute", :outcome :pass, :ctx/scenario-id "s-same-timestamp-cancel-vs-dispute", :ctx/run-id "s-same-timestamp-cancel-vs-dispute-run"}}
{:ts "2026-08-13T23:00:48.920226828Z", :level :info, :message "scenario/start", :context {:id "s-same-timestamp-cancel-vs-dispute", :ctx/scenario-id "s-same-timestamp-cancel-vs-dispute", :ctx/run-id "s-same-timestamp-cancel-vs-dispute-run"}}
{:ts "2026-08-13T23:00:48.937886021Z", :level :info, :message ":evidence-captured", :context {:type "escrow-created", :hash "ae4080e1ad68ef2a518e27c55576d7e93dc5ba62d31273130452f0a86db28cd4"}}
{:ts "2026-08-13T23:00:48.969694022Z", :level :info, :message ":evidence-captured", :context {:type "dispute-raised", :hash "befe71272d9a07506e4a0f1372b7eee0cba82c511741174eb5585601aecdc72a"}}
{:ts "2026-08-13T23:00:48.988150883Z", :level :debug, :message "guard/rejected", :context {:escrow-state :disputed, :workflow-id 0, :error :transfer-not-pending, :ctx/scenario-id "s-same-timestamp-dispute-vs-cancel", :ctx/run-id "s-same-timestamp-dispute-vs-cancel-run", :ctx/event-index 2, :ctx/event-type "sender_cancel"}}
{:ts "2026-08-13T23:00:48.993228201Z", :level :info, :message "scenario/end", :context {:id "s-same-timestamp-dispute-vs-cancel", :outcome :pass, :ctx/scenario-id "s-same-timestamp-dispute-vs-cancel", :ctx/run-id "s-same-timestamp-dispute-vs-cancel-run"}}
{:ts "2026-08-13T23:00:48.993924335Z", :level :info, :message "scenario/start", :context {:id "s-same-timestamp-dispute-vs-cancel", :ctx/scenario-id "s-same-timestamp-dispute-vs-cancel", :ctx/run-id "s-same-timestamp-dispute-vs-cancel-run"}}
{:ts "2026-08-13T23:00:49.005085919Z", :level :info, :message ":evidence-captured", :context {:type "escrow-created", :hash "99104b6172a3aed5277b011f94ef1c759f7d5557fac2240a92a07bdfb62529d1"}}
{:ts "2026-08-13T23:00:49.034483602Z", :level :info, :message ":evidence-captured", :context {:type "escrow-refunded", :hash "a23169efa8e14bf1e93339537cf428e7537e848c48fd05cdd01c3d32819bac8e"}}
{:ts "2026-08-13T23:00:49.054999698Z", :level :info, :message "scenario/end", :context {:id "s-auto-cancel-time-via-keeper", :outcome :pass, :ctx/scenario-id "s-auto-cancel-time-via-keeper", :ctx/run-id "s-auto-cancel-time-via-keeper-run"}}
{:ts "2026-08-13T23:00:49.055719988Z", :level :info, :message "scenario/start", :context {:id "s-auto-cancel-time-via-keeper", :ctx/scenario-id "s-auto-cancel-time-via-keeper", :ctx/run-id "s-auto-cancel-time-via-keeper-run"}}
{:ts "2026-08-13T23:00:49.066191541Z", :level :info, :message ":evidence-captured", :context {:type "stake-registered", :hash "4757b972517ee1d904769a3d899f2e3c7e8e8d23a6b8edbf21fb80ca0cc49893"}}
{:ts "2026-08-13T23:00:49.089202107Z", :level :info, :message ":evidence-captured", :context {:type "escrow-created", :hash "21bbae9d2de155fee391bcf52c6db44a6926ec7836454efa4c7caa84445a36a7"}}
{:ts "2026-08-13T23:00:49.117353031Z", :level :info, :message ":evidence-captured", :context {:type "dispute-raised", :hash "9dcbc5dfa314102d2443abfd6792ef483c9a53da05d9bd85fd97b5f8992d2477"}}
{:ts "2026-08-13T23:00:49.157701534Z", :level :debug, :message "Submitting resolution", :context {:caller "0xresolver", :workflow-id 0}}
{:ts "2026-08-13T23:00:49.168892324Z", :level :info, :message ":evidence-captured", :context {:type "escrow-released", :hash "2b0e9343b3d10b42a0e4821ed518fd073e95aa0bda3f89afbf22a0c9381f75ad"}}
{:ts "2026-08-13T23:00:49.189714017Z", :level :info, :message "scenario/end", :context {:id "s114-resolution-module-mutation", :outcome :pass, :ctx/scenario-id "s114-resolution-module-mutation", :ctx/run-id "s114-resolution-module-mutation-run"}}
{:ts "2026-08-13T23:00:49.190499391Z", :level :info, :message "scenario/start", :context {:id "s114-resolution-module-mutation", :ctx/scenario-id "s114-resolution-module-mutation", :ctx/run-id "s114-resolution-module-mutation-run"}}
{:ts "2026-08-13T23:00:49.200732346Z", :level :info, :message ":evidence-captured", :context {:type "stake-registered", :hash "073752351ff6b222724fb4e64f7d3089b5666e036722255712c747ac241e0450"}}
{:ts "2026-08-13T23:00:49.224531393Z", :level :info, :message ":evidence-captured", :context {:type "escrow-created", :hash "db38de687bc98c2f0d4d3a8fca9ea3ac4e6b24584db160de59379edb15e06696"}}
{:ts "2026-08-13T23:00:49.254657341Z", :level :info, :message ":evidence-captured", :context {:type "dispute-raised", :hash "43a0ee5cd797fd4dd40294abe1a9bdd15620d461eda66ce4911acf4a2cba7ca4"}}
{:ts "2026-08-13T23:00:49.320496792Z", :level :info, :message ":evidence-captured", :context {:type "escrow-refunded", :hash "785473fa7de2b1b3a8f0af3e2349c0b2bdccdf5b39f507c9d3d2592b580813c7"}}
{:ts "2026-08-13T23:00:49.361570134Z", :level :info, :message ":evidence-captured", :context {:type "slashing", :hash "90c800626f387e8b87b3fdff8541cde3912362e582a80b7358c87b0b9dd8a66e"}}
{:ts "2026-08-13T23:00:49.382772095Z", :level :info, :message "scenario/end", :context {:id "s115-resolution-refused-timeout", :outcome :pass, :ctx/scenario-id "s115-resolution-refused-timeout", :ctx/run-id "s115-resolution-refused-timeout-run"}}
{:ts "2026-08-13T23:00:49.383531610Z", :level :info, :message "scenario/start", :context {:id "s115-resolution-refused-timeout", :ctx/scenario-id "s115-resolution-refused-timeout", :ctx/run-id "s115-resolution-refused-timeout-run"}}
{:ts "2026-08-13T23:00:49.393915615Z", :level :info, :message ":evidence-captured", :context {:type "stake-registered", :hash "a11df7b71817a71fcf003c1c0026fe09df5a06a2ca4b8f700b2086f22d702931"}}
{:ts "2026-08-13T23:00:49.421540411Z", :level :info, :message ":evidence-captured", :context {:type "escrow-created", :hash "314e53be6ade1ed65dc5b236a15097f308223dd11d01ff9062738637efb76611"}}
{:ts "2026-08-13T23:00:49.460842389Z", :level :info, :message ":evidence-captured", :context {:type "dispute-raised", :hash "33c648cb3e46a71cded7fe8b6a72044c6268f68be6812ad6f2b365a63675dea4"}}
{:ts "2026-08-13T23:00:49.507128398Z", :level :info, :message ":evidence-captured", :context {:type "resolver-rotation", :hash "032bf47f58295b949f1946ad12cec0c576b648495f2c2aed58c490d096b11c5d"}}
{:ts "2026-08-13T23:00:49.531644058Z", :level :debug, :message "Submitting resolution", :context {:caller "0xresolver", :workflow-id 0}}
{:ts "2026-08-13T23:00:49.543415661Z", :level :info, :message ":evidence-captured", :context {:type "escrow-released", :hash "5f13e22b2d580793064be281f20da9d9663dbfd24dbf3ff6adce6448f9577a0e"}}
{:ts "2026-08-13T23:00:49.567854743Z", :level :info, :message "scenario/end", :context {:id "s116-resolution-refused-then-resolved", :outcome :pass, :ctx/scenario-id "s116-resolution-refused-then-resolved", :ctx/run-id "s116-resolution-refused-then-resolved-run"}}
{:ts "2026-08-13T23:00:49.568807579Z", :level :info, :message "scenario/start", :context {:id "s116-resolution-refused-then-resolved", :ctx/scenario-id "s116-resolution-refused-then-resolved", :ctx/run-id "s116-resolution-refused-then-resolved-run"}}
{:ts "2026-08-13T23:00:49.582688233Z", :level :info, :message ":evidence-captured", :context {:type "escrow-created", :hash "7831aee21e15b4003bcb2f480097635392dc98748346fae982d5ef1da7299dd6"}}
{:ts "2026-08-13T23:00:49.633287075Z", :level :info, :message ":evidence-captured", :context {:type "escrow-refunded", :hash "d2fc5a95f6d98c0c93771946dbef92dfa9990bc80fb8adfbfcbea2b77bb43ccf"}}
{:ts "2026-08-13T23:00:49.655547213Z", :level :info, :message "scenario/end", :context {:id "s-auto-cancel-time-boundary", :outcome :pass, :ctx/scenario-id "s-auto-cancel-time-boundary", :ctx/run-id "s-auto-cancel-time-boundary-run"}}
{:ts "2026-08-13T23:00:49.656400838Z", :level :info, :message "scenario/start", :context {:id "s-auto-cancel-time-boundary", :ctx/scenario-id "s-auto-cancel-time-boundary", :ctx/run-id "s-auto-cancel-time-boundary-run"}}
{:ts "2026-08-13T23:00:49.669392329Z", :level :info, :message ":evidence-captured", :context {:type "escrow-created", :hash "d5fc7bb7903d3fca3a86806cb357da40727b1183a529be3be8c814a24fb26841"}}
{:ts "2026-08-13T23:00:49.703409572Z", :level :info, :message ":evidence-captured", :context {:type "dispute-raised", :hash "9ef333bf701d67ae6b1436d178cc863d7d5afbc660a29c112a7beb04ea637f75"}}
{:ts "2026-08-13T23:00:49.742539841Z", :level :info, :message ":evidence-captured", :context {:type "escrow-refunded", :hash "c1272ee5f9fe579ac8d5ae66b16b596cf2d63e4fc5da2592009403f1e0e702f5"}}
{:ts "2026-08-13T23:00:49.767009392Z", :level :info, :message "scenario/end", :context {:id "s-auto-cancel-time-orphaned-by-dispute", :outcome :pass, :ctx/scenario-id "s-auto-cancel-time-orphaned-by-dispute", :ctx/run-id "s-auto-cancel-time-orphaned-by-dispute-run"}}
{:ts "2026-08-13T23:00:49.768033414Z", :level :info, :message "scenario/start", :context {:id "s-auto-cancel-time-orphaned-by-dispute", :ctx/scenario-id "s-auto-cancel-time-orphaned-by-dispute", :ctx/run-id "s-auto-cancel-time-orphaned-by-dispute-run"}}
{:ts "2026-08-13T23:00:49.789123440Z", :level :info, :message ":evidence-captured", :context {:type "escrow-created", :hash "e7fa946e7fbd56d2e3a45fa1c1dc0f82529308dd4a5f6b067e8d3f125f7948ed"}}
{:ts "2026-08-13T23:00:49.832357362Z", :level :info, :message ":evidence-captured", :context {:type "escrow-refunded", :hash "b11e4bfea1fbfd71f8910c722364971bc3191abb1318b24b1c15351e712dd19c"}}
{:ts "2026-08-13T23:00:49.881804287Z", :level :info, :message "scenario/end", :context {:id "s-same-timestamp-auto-cancel-vs-dispute", :outcome :pass, :ctx/scenario-id "s-same-timestamp-auto-cancel-vs-dispute", :ctx/run-id "s-same-timestamp-auto-cancel-vs-dispute-run"}}
{:ts "2026-08-13T23:00:49.882681999Z", :level :info, :message "scenario/start", :context {:id "s-same-timestamp-auto-cancel-vs-dispute", :ctx/scenario-id "s-same-timestamp-auto-cancel-vs-dispute", :ctx/run-id "s-same-timestamp-auto-cancel-vs-dispute-run"}}
{:ts "2026-08-13T23:00:49.898961669Z", :level :info, :message ":evidence-captured", :context {:type "escrow-created", :hash "a327347ae601cd4c74b0c311e9a5719ccdf90281e6d98ec27a04e8954512b18e"}}
{:ts "2026-08-13T23:00:49.936979587Z", :level :info, :message ":evidence-captured", :context {:type "dispute-raised", :hash "4c36656bba09f9e6d2d385470714ab60fd5af9e32462de55f82170cd9fba5744"}}
{:ts "2026-08-13T23:00:49.970009328Z", :level :info, :message ":evidence-captured", :context {:type "escrow-refunded", :hash "982f88f0ba826ae804ec90713201a058c82ef5b9609f4147081e09f6255d81f9"}}
{:ts "2026-08-13T23:00:49.989731494Z", :level :info, :message "scenario/end", :context {:id "s-same-timestamp-dispute-vs-auto-cancel", :outcome :pass, :ctx/scenario-id "s-same-timestamp-dispute-vs-auto-cancel", :ctx/run-id "s-same-timestamp-dispute-vs-auto-cancel-run"}}
{:ts "2026-08-13T23:00:49.990591772Z", :level :info, :message "scenario/start", :context {:id "s-same-timestamp-dispute-vs-auto-cancel", :ctx/scenario-id "s-same-timestamp-dispute-vs-auto-cancel", :ctx/run-id "s-same-timestamp-dispute-vs-auto-cancel-run"}}
{:ts "2026-08-13T23:00:50.004946294Z", :level :info, :message ":evidence-captured", :context {:type "escrow-created", :hash "89c071a2ee580769b788863d1b4f465ff789be4590e67dcc703d87ac8db27a4c"}}
{:ts "2026-08-13T23:00:50.060535296Z", :level :info, :message ":evidence-captured", :context {:type "escrow-refunded", :hash "68134e41b497de204c01a2cd22f22a7cfa08cb3564f641037e7c82d0e8420cb0"}}
{:ts "2026-08-13T23:00:50.083452563Z", :level :info, :message "scenario/end", :context {:id "s-cancel-strategy-mutual-only", :outcome :pass, :ctx/scenario-id "s-cancel-strategy-mutual-only", :ctx/run-id "s-cancel-strategy-mutual-only-run"}}
{:ts "2026-08-13T23:00:50.084306910Z", :level :info, :message "scenario/start", :context {:id "s-cancel-strategy-mutual-only", :ctx/scenario-id "s-cancel-strategy-mutual-only", :ctx/run-id "s-cancel-strategy-mutual-only-run"}}
{:ts "2026-08-13T23:00:50.104123957Z", :level :info, :message ":evidence-captured", :context {:type "escrow-created", :hash "52cad4f5f25703c57ff70ee927f48617a1ca9f7c822a1792d0e1f6f505d32450"}}
{:ts "2026-08-13T23:00:50.141403521Z", :level :debug, :message "guard/rejected", :context {:cancel-strategy {:can-cancel? false, :unilateral-cancel? true}, :workflow-id 0, :error :not-authorized-to-cancel-yet, :ctx/scenario-id "s-cancel-strategy-can-cancel-dominates", :ctx/run-id "s-cancel-strategy-can-cancel-dominates-run", :ctx/event-index 1, :ctx/event-type "sender_cancel"}}
{:ts "2026-08-13T23:00:50.149120185Z", :level :info, :message "scenario/end", :context {:id "s-cancel-strategy-can-cancel-dominates", :outcome :pass, :ctx/scenario-id "s-cancel-strategy-can-cancel-dominates", :ctx/run-id "s-cancel-strategy-can-cancel-dominates-run"}}
{:ts "2026-08-13T23:00:50.149833422Z", :level :info, :message "scenario/start", :context {:id "s-cancel-strategy-can-cancel-dominates", :ctx/scenario-id "s-cancel-strategy-can-cancel-dominates", :ctx/run-id "s-cancel-strategy-can-cancel-dominates-run"}}
{:ts "2026-08-13T23:00:50.164242979Z", :level :info, :message ":evidence-captured", :context {:type "escrow-created", :hash "6c2de73145c596c0ef8150b1783395a8e16c5636fa7cff4d86b1d7d3132d68b6"}}
{:ts "2026-08-13T23:00:50.195512177Z", :level :info, :message ":evidence-captured", :context {:type "escrow-refunded", :hash "44897bab21bb0f28aed29b73a0590625bd9e78b5a54f40ebc416e67dac3d57b6"}}
{:ts "2026-08-13T23:00:50.247754648Z", :level :info, :message "scenario/end", :context {:id "s-sender-cancel-after-auto-cancel-deadline", :outcome :pass, :ctx/scenario-id "s-sender-cancel-after-auto-cancel-deadline", :ctx/run-id "s-sender-cancel-after-auto-cancel-deadline-run"}}
{:ts "2026-08-13T23:00:50.248544021Z", :level :info, :message "scenario/start", :context {:id "s-sender-cancel-after-auto-cancel-deadline", :ctx/scenario-id "s-sender-cancel-after-auto-cancel-deadline", :ctx/run-id "s-sender-cancel-after-auto-cancel-deadline-run"}}
{:ts "2026-08-13T23:00:50.263981608Z", :level :info, :message ":evidence-captured", :context {:type "escrow-created", :hash "56c5d01e0d173a825b830dde5481b1a07d463a93a0a58e44b54a91e5d6ce6309"}}
{:ts "2026-08-13T23:00:50.294468447Z", :level :info, :message ":evidence-captured", :context {:type "dispute-raised", :hash "fd99bdeb22c34f9695d49aa9201433bfa6b7c11108a327b2cf52fe9107ccf6d6"}}
{:ts "2026-08-13T23:00:50.349406162Z", :level :info, :message ":evidence-captured", :context {:type "escrow-refunded", :hash "9e487e519387ef9048da53f346f5e6beb7fb683ecc75080ed4adf3c0d47180b1"}}
{:ts "2026-08-13T23:00:50.371365083Z", :level :info, :message "scenario/end", :context {:id "s-auto-cancel-due-on-disputed-time-not-passed", :outcome :pass, :ctx/scenario-id "s-auto-cancel-due-on-disputed-time-not-passed", :ctx/run-id "s-auto-cancel-due-on-disputed-time-not-passed-run"}}
{:ts "2026-08-13T23:00:50.372251822Z", :level :info, :message "scenario/start", :context {:id "s-auto-cancel-due-on-disputed-time-not-passed", :ctx/scenario-id "s-auto-cancel-due-on-disputed-time-not-passed", :ctx/run-id "s-auto-cancel-due-on-disputed-time-not-passed-run"}}
{:ts "2026-08-13T23:00:50.387067166Z", :level :info, :message ":evidence-captured", :context {:type "escrow-created", :hash "fd4e8077f6562dec847113a8f1df7fd719c3604c6c08f032b571c49ebe4077cf"}}
{:ts "2026-08-13T23:00:50.417766693Z", :level :info, :message ":evidence-captured", :context {:type "dispute-raised", :hash "cbefbde15f32b3ae843113ead4a4291ed0197d0d1d96abdbcbf0e3868a1183b9"}}
{:ts "2026-08-13T23:00:50.441896684Z", :level :debug, :message "Submitting resolution", :context {:caller "0xresolver", :workflow-id 0}}
{:ts "2026-08-13T23:00:50.511564750Z", :level :info, :message ":evidence-captured", :context {:type "escrow-released", :hash "4029fb68cd15873fc31965227c98633d2cdc9edda66342de336df28dbd0256aa"}}
{:ts "2026-08-13T23:00:50.537392603Z", :level :info, :message "scenario/end", :context {:id "s-auto-cancel-due-on-disputed-pending-settlement", :outcome :pass, :ctx/scenario-id "s-auto-cancel-due-on-disputed-pending-settlement", :ctx/run-id "s-auto-cancel-due-on-disputed-pending-settlement-run"}}
{:ts "2026-08-13T23:00:50.538323798Z", :level :info, :message "scenario/start", :context {:id "s-auto-cancel-due-on-disputed-pending-settlement", :ctx/scenario-id "s-auto-cancel-due-on-disputed-pending-settlement", :ctx/run-id "s-auto-cancel-due-on-disputed-pending-settlement-run"}}
WARN: inv-coverage references unknown invariants: (fees-monotone)
WARN: inv-coverage references unknown scenario prefixes: ([fee-cap [S11 S12a S12b]])
Clerk evaluated 'notebooks/dispute_resolution.clj' in 33266.43596ms.
Clerk evaluated 'notebooks/withdrawal_observatory.clj' in 76.259846ms.
Clerk evaluated 'notebooks/game_theory_artifact.clj' in 49.012132ms.
Clerk evaluated 'notebooks/appeal_analysis.clj' in 1879.724389ms.
Clerk evaluated 'notebooks/hardening_artifact.clj' in 66.299362ms.
Clerk evaluated 'notebooks/protocol_provenance.clj' in 943.864022ms.
Clerk evaluated 'notebooks/security_validation.clj' in 1068.014711ms.
Warning: could not load benchmark evidence: Evidence bundle integrity check failed
Clerk evaluated 'notebooks/benchmark_protocol_robustness.clj' in 906.400656ms.
Clerk evaluated 'notebooks/demo_not_admitted.clj' in 263.507802ms.
Clerk evaluated 'notebooks/demo_reorder_chain.clj' in 263.167461ms.
Clerk evaluated 'notebooks/demo_short_circuit.clj' in 662.651589ms.
Clerk evaluated 'notebooks/index.clj' in 137.822002ms.
nREPL server started on port 7778...
Fri Aug 14 00:01:32 BST 2026 [] ERROR - handle websocket frame org.httpkit.server.Frame$TextFrame@72720f18
clojure.lang.ExceptionInfo: Clerk encountered the following error attempting to read an incoming message: No reader function for tag object {:message "{:type :nrepl, :msg {:id \"cd13c25c-ce7c-4217-b0d4-a82e47982034\", :op :ls-sessions, :session nil, :send-fn #object[lBa], :status [\"error\" \"done\"], :err \"unknown-op\", :ns \"user\"}}"}
	at nextjournal.clerk.webserver$read_msg.invokeStatic(webserver.clj:176)
	at nextjournal.clerk.webserver$read_msg.invoke(webserver.clj:172)
	at nextjournal.clerk.webserver$fn__16005.invokeStatic(webserver.clj:189)
	at nextjournal.clerk.webserver$fn__16005.invoke(webserver.clj:186)
	at clojure.core$partial$fn__5927.invoke(core.clj:2641)
	at org.httpkit.server.AsyncChannel.messageReceived(AsyncChannel.java:163)
	at org.httpkit.server.WSHandler.run(RingHandler.java:243)
	at org.httpkit.server.LinkingRunnable.run(RingHandler.java:210)
	at java.base/java.util.concurrent.Executors$RunnableAdapter.call(Executors.java:572)
	at java.base/java.util.concurrent.FutureTask.run(FutureTask.java:317)
	at java.base/java.lang.VirtualThread.run(VirtualThread.java:329)
Caused by: java.lang.RuntimeException: No reader function for tag object
	at clojure.lang.LispReader$CtorReader.readTagged(LispReader.java:1447)
	at clojure.lang.LispReader$CtorReader.invoke(LispReader.java:1430)
	at clojure.lang.LispReader$DispatchReader.invoke(LispReader.java:854)
	at clojure.lang.LispReader.read(LispReader.java:287)
	at clojure.lang.LispReader.readDelimitedList(LispReader.java:1401)
	at clojure.lang.LispReader$MapReader.invoke(LispReader.java:1358)
	at clojure.lang.LispReader.read(LispReader.java:287)
	at clojure.lang.LispReader.readDelimitedList(LispReader.java:1401)
	at clojure.lang.LispReader$MapReader.invoke(LispReader.java:1358)
	at clojure.lang.LispReader.read(LispReader.java:287)
	at clojure.lang.LispReader.read(LispReader.java:218)
	at clojure.lang.LispReader.read(LispReader.java:207)
	at clojure.lang.RT.readString(RT.java:1896)
	at clojure.lang.RT.readString(RT.java:1891)
	at clojure.core$read_string.invokeStatic(core.clj:3841)
	at clojure.core$read_string.invoke(core.clj:3831)
	at nextjournal.clerk.webserver$read_msg.invokeStatic(webserver.clj:174)
	... 10 more
Client closed connection.
Clerk evaluated 'src/resolver_sim/benchmark/runner.clj' in 1592.071186ms.
Clerk evaluated 'src/resolver_sim/benchmark/runner.clj' in 2123.023834ms.
Error while executing task: notebook
